サッポロビール　北海道工場,〒061-1405 北海道恵庭市戸磯５４２−１,0123-32-5802,北海道,0,http://www.sapporobeer.jp/brewery/hokkaido/index.html,42.8618037,141.6029986,ChIJxzbCs37YdF8RFfYTnZUbVYY,AeJbb3fY9RsyFAcrxwZFsOmEMuVr7FJfL9KAkvMX4By6y4ckfIVOmSu17wDExgCgGqoCLE1glBF8UYKNuVOpsKYFj3Fahx5001BCN5qCs0DzRFVPEoWK2auuRe9I6hoV1rMbPdGctlN8t8hDhz4gsyD_UPk25JrkEvXqZRnLOTfAt4UzwpY4,2022-08-14 10:23:35,2022-08-14 10:23:35
キリンビール　北海道千歳工場,〒066-8711 北海道千歳市上長都949-1,0123-24-3101,北海道,0,https://www.kirin.co.jp/experience/factory/chitose/,42.8456075,141.6192853,ChIJ-QR4_p3YdF8RB10bu62t7oI,AeJbb3d1OTLOrU6goHFYqBCrB0MmWONXSN6lA0CTCV9ZYHtXdPzAE6R154pFf9GO7Pu2fg9M8WHR4O0QXMMO8RaLMFFp3FurA2PLpL4OEmIcTNCc2fPv1gc8NAFMGe8PAjtqyaqjvSlBYGqdrY6E-suIoG3yPx-rfG-kChRVh5y4XstIhAU4,2022-08-14 10:23:36,2022-08-14 10:23:36
札幌開拓使麦酒醸造所,〒060-0032 北海道札幌市中央区北２条東４丁目1番地2,011-252-8231,北海道,0,https://www.sapporobeer.jp/brewery/sapporokaitakushi/,43.0654478,141.3621328,ChIJS3ZdGtkpC18R7D2Ol3HoxdY,AeJbb3f3Tcx0dkEEtIho3uVF3T8IdfMpB8DvlsKDytrZBDZvaoNNBz-WTxrqvVvuoYyYdSfYTMAIcVjNL3QIlSoWiQopLikoUlVVAAxAHFVxGDg4nVCIanSxKwvMgRKYKdQe-EC5PpZSs5w9UdvL5tCKrAZH0xbLLC3gJKMYrqS_eqLjvrgc,2022-08-14 10:23:36,2022-08-14 10:23:36
サッポロビール博物館,〒065-8633 北海道札幌市東区北７条東９丁目１−１,011-748-1876,北海道,0,http://www.sapporobeer.jp/brewery/s_museum/,43.0714671,141.3689124,ChIJ0fYsL4QpC18Ry-fF7_rGYBM,AeJbb3eLDW1dnAoR16doL1uGdsyW7KypOBzL_zqgSGXoeIjrvPXWrVM1Ke6sbuYOlJprCG0aa___HKKzzXI1H5E8XboOOh59GKoDCkrTU_WjAgjzFFfmNSjpTDxPS5FN_P1z01QZACrj3BuuHz_CLcnU8zoQsS0p3cLnJK5VtojWbXuF00FK,2022-08-14 10:23:38,2022-08-14 10:23:38
小樽ビール銭函醸造所,〒047-0261 北海道小樽市銭函３丁目２６３−１９,0134-61-2280,北海道,0,http://www.otarubeer.com/,43.1399317,141.1763926,ChIJQ33weE4nC18RI7r1Cm5pTZ0,AeJbb3dgzHFkKAhjOEtHOV5vUi-j7O7A0M5wWC4RJoao9Pc8_DyreMdV14OOUBoHT3TollepLbfY-LGQMbfi2X62U4F1X1kA3rbWGUPQeEaXIocR9RPX8tTbZoCrX7WVbORoZBr6T5qx_jGERSc5WdrsDFlFhwOTdN42v0vht8rYMUNxMDlZ,2022-08-14 10:23:38,2022-08-14 10:23:38
（株）ベアレン醸造所,〒020-0061 岩手県盛岡市北山１丁目３−３１,,岩手県,0,https://www.baerenbier.co.jp/,39.7145985,141.1543409,ChIJeQKqphR2hV8RRtZftL62As8,AeJbb3do2lrWoDiCbkKfvFh181dHOABx-LDeRz_ljRwstCVl8bXs-aM2R0gzJkP59PhmE_g8BlxDaNpgORauFHmaX8jH8WTnei20wkFIchfrDGHMvKl0CmN8h6yvBL-Co3nCaTW2Biv8OdH3Td1lebp0Qt33LI927qZK9X15VPzIVTNiAifn,2022-08-14 10:23:41,2022-08-14 10:23:41
キリンビール　仙台工場,〒983-0001 宮城県仙台市宮城野区港２丁目２−１,022-254-2992,宮城県,0,http://www.kirin.co.jp/entertainment/factory/sendai/,38.267609,140.993649,ChIJCzo5l8CIiV8Rj0PQEggIRqU,AeJbb3f2IdkNMlWVA6d6xla9s2YvEBqBxwjGU0AhKtzcEkbxl9_8i7DAWPVeCH2WRKjhE7IUQkuzZ5CvIw0FJGVdw_JQNRH-vX5_jj28sTqiZ-trgK4mNpldhIEyZsmickKeG6jduaFwxsY7betEQylQBg2dO3HJc3bIlpe8SmkqAiKbir-A,2022-08-14 10:23:43,2022-08-14 10:23:43
サッポロビール　那須工場,〒325-0001 栃木県那須郡那須町高久４４５３−４９,0287-60-0331,栃木県,0,http://www.sapporobeer.jp/brewery/nasu/index.html,37.0162821,140.0274613,ChIJExLi7qI5LhURdD8z0L_Sxmg,AeJbb3fUxqIjfJ7fXGCmG5DE6WHdhJ9q4vRvD_TxzE3LAvGp5P3Zm4xLIm09dsaHyKUq-FSyeDk6u6lD82XCm5ivRGKwSrPfEq1aJJR6XTc2ZDNg6zJdIWrTl4R3Sclxq9UfWhclEQrK24q8ikvgKpimbyKqIzGxbruEzeN9gf7ShE51RyLx,2022-08-14 10:23:46,2022-08-14 10:23:46
キリンビール　取手工場,〒302-8502 茨城県取手市桑原１８８−１,0297-72-8300,茨城県,0,http://www.kirin.co.jp/entertainment/factory/toride/,35.905651,140.07357,ChIJC3lndBF3ImAR-reRIzTS5JM,AeJbb3epJU7wABnMe8m7qYXGDjWFh4VjTRymbVScz0-A5V1mkcFIpZwSOA5NECksOcUifky2CxE1akreURWwPa6qjebmyEw90INdqlIMHV-D8_H14l6OQOL_kCrkJaRGeZ8LfdFUBxoJMy-gfoeJ4SP4KmkDC8Adf4RWjeMsLfHzKo7v7Pyy,2022-08-14 10:23:48,2022-08-14 10:23:48
アサヒビール　茨城工場（スーパードライミュージアム）,〒302-0106 茨城県守谷市緑１丁目１−１,0297-45-7335,茨城県,0,https://www.asahibeer.co.jp/brewery/ibaraki/,35.9509478,139.9673022,ChIJW2WALB2fGGARjjfGmx9Sw7M,AeJbb3c_0PfeAlPpL2UihEqDh5BrEuWPvhGrX14kP8n0eDhsavr_-99T7tYZkPv2oDK0fKh3DBW0YrB_t-TeM20xrdZEKHOPwY57LLWzOHt403KF98WWWEGu_GE6PXEc-CabH7h_6gk6h_iq1NJh4fI9pWPon5-jEBOhlVbyxShO3a_XSjWg,2022-08-14 10:23:48,2022-08-14 10:23:48
サントリー〈天然水のビール工場〉東京・武蔵野,〒183-0025 東京都府中市矢崎町３丁目１,042-360-9591,東京都,0,http://www.suntory.co.jp/factory/musashino,35.6600932,139.4782285,ChIJeRFHy8LkGGARAShi3OsbvHY,AeJbb3elg-B-jMYK5oq2cpqdMCP7RNNURPb2FoYlAvMDaFBZWtxCzh74biTUKDLZJAqIjWa7FCZYVCDAv6FkMdAgRVnsgnACw42KhVJEMkDS2Cx_2ZHVaZPp7_8SNNzJQrmG09cMOD8TvJVcPd9zG4Nt6VG7c85zOqxKPJ0HUAwRZlybQYi4,2022-08-14 10:23:58,2022-08-14 10:23:58
ヱビスビール記念館,〒150-8522 東京都渋谷区恵比寿４丁目２０−１ 恵比寿ガーデンプレイス,03-5423-7255,東京都,0,http://www.sapporobeer.jp/brewery/y_museum/index.html,35.6432025,139.7145181,ChIJY24wMRSLGGARdbDv6D2KdHE,AeJbb3eb0-gAuHI9sm6F7chdm64uXKBsku6vCGPi1XNZi_miFjj4amFeVR4x0iKqSiRA6WS_ZgHs4TwKWPZJ7fl3JeZkLD-D2IoxR-GoZ_pHSqvev4xEDaRSO9iM9QsUJhr2pAacuEDERNcYIdlzj3xkj-n8xyxouuwM1Wc_I1ytek1bQ3i0,2022-08-14 10:24:00,2022-08-14 10:24:00
サッポロビール　千葉工場,〒273-0014 千葉県船橋市高瀬町 サッポロビール,047-437-3591,千葉県,0,https://www.sapporobeer.jp/brewery/chiba/,35.666206,139.9921427,ChIJ4YeH8Xx_GGARx1ZzpzTS4Ds,AeJbb3fAzQI61f-QJHDZFlZARq9_2rYQyIjUk7aHl1i9cYE3wm2YuZZORitUArZCyRXa4_RfqouVdP9-PgqHJwZdWZyfJYAxd4eB6MOyBSCp8Eu4wiOmIqGhWcvcCBKfwFcB1QCS1D3MmFgck9nOFSZ02deXcRnXTPuanmaa-zGCG80dYMN1,2022-08-14 10:24:04,2022-08-14 10:24:04
キリンビール　横浜工場,〒230-8628 神奈川県横浜市鶴見区生麦１丁目１７−１,045-503-8250,神奈川県,0,http://www.kirin.co.jp/entertainment/factory/yokohama/,35.4907808,139.6634966,ChIJT4EAFdtdGGARhRlVHPv7Kfw,AeJbb3eqH_ADx9_0fD7cO3kMEbAGQ4KoFv7zeizE5mVRIJiENegvTgwp8c63kwEDyumF8bMBDk9NKZzxlgzsUabE0y53ILsHjL2Hqjv513WiNb9ht5yBdrNJQlxf5nw3-IQJX3xoDihICsmEt-UDStZMRs78ypx_qypEwEGO3gjul1CbUDaV,2022-08-14 10:24:09,2022-08-14 10:24:09
キリンディスティラリー富士御殿場蒸溜所,〒412-0003 静岡県御殿場市柴怒田９７０,0550-89-4909,静岡県,3,http://www.kirin.co.jp/entertainment/factory/gotemba/,35.3366181,138.8967966,ChIJsTEDhLZwGWAReVAYQeic0tY,AeJbb3cuUBpJXw5HxixE3LU2gP60vJ_g6b-0bCLN1jNqYXQJKdBjZ4-5WvP_jPCiwn97nTVKkUhgH0PYgVZlm7MOSvUH7F4wG3qeY6CFyDAGOc8lnV-s2aWuZ9oVye1GgbV8hBxxHFUaaYbrvbTOR4jqnvXlueO0jxVi3kdF0MCEsEGAO4na,2022-08-14 10:24:14,2022-08-14 10:24:14
サントリー白州蒸溜所,〒408-0316 山梨県北杜市白州町鳥原２９１３−１,0551-35-2211,山梨県,3,http://www.suntory.co.jp/factory/hakushu/,35.8280752,138.303616,ChIJl4oX8kBpHGAR4YFoY5T-Vg8,AeJbb3d7IcP6TtE_-XqLMgf7aL2Cw_C10H1dMJprm15gvM4I55kRsZ33WrdndPjzDPzaAnZAOTp9i4oKQdGlW6GknKG_cFiCraBxgR_N7lNZv8lbkyBW2nQcCU1cZnsfrw_kQsTRHCMqEz0o-olQzT6QPPwPg0oeHFBdKqjnsr3eU2rxUPPo,2022-08-14 10:24:30,2022-08-14 10:24:30
サントリー登美の丘ワイナリー,〒400-0103 山梨県甲斐市大垈２７８６,0551-28-7311,山梨県,1,http://suntory.jp/TOMI-W/,35.7127354,138.5089141,ChIJL7Av3LEJHGARdDEGhAThDO0,AeJbb3eWENdYgZMNF8eigtU6wBBl-Z5Ve0pZ_iKeYVEpTVi8gvj-qlHZNmrAFPms26_s6GpJ-tpTAOqQnb_GMTa2-PfmTTPGHQG0f2ZDmdO0EHPwdUUr8ym0bgN3231p2OCVA2dd-jBwSpJELZqgRK_ROVScxhfMSJYikdtT8FM6ag3tzpSH,2022-08-14 10:24:30,2022-08-14 10:24:30
軽井沢ブルワリー,〒385-0021 長野県佐久市長土呂６４−３,0120-919-144,長野県,0,http://brewery.co.jp/,36.290081,138.480255,ChIJKQK-1XjMHWARPzAK0uSzplM,AeJbb3dkZ7z5BH5VGyhFQznaoOMLCAjCLUwrGaWRkSghfLHetd9ueZFpJK9p1N55G4ohmFP_uCxg6Zauah7JXWAcEss2SmDb0l5JZTrBgxu7SLsfg_hjC839oVfxSwp_NwWxKT321PatiPac34J2R3GmbagbznYHtV-KfNjRVs89VK3-5GA6,2022-08-14 10:24:43,2022-08-14 10:24:43
キリンビール・キリンビバレッジ 滋賀工場,〒522-0342 滋賀県犬上郡多賀町敏満寺１６００,0749-48-2810,滋賀県,0,https://www.kirin.co.jp/experience/factory/siga/,35.225684,136.2738476,ChIJ7SJbzRDUA2ARmqAjiMMUOkA,AeJbb3eh8Z4ML2I8sLj0OO2k14JeY2MNbygsFwxg9U0jnUxyz3cPWTJ2tfgfSS07tAaSZL1auh8V9t4wxw31Lnbj81P8S_P5C7MA5kvpM6ssHS_JeVqBIdJ0XPb8FgQcS_slQ3ApXySKGnCZTEqWarx28ZCmLfyNaUWBRikUeyXjdZ5uIAof,2022-08-14 10:25:02,2022-08-14 10:25:02
長濱浪漫ビール 長濱蒸溜所,〒526-0056 滋賀県長浜市朝日町１４−１,0749-63-4300,滋賀県,3,http://www.romanbeer.com/nagahama-distillery/,35.3769703,136.2677228,ChIJWdUV6j0pAmARLHkaTA-GcEE,AeJbb3dut2AhUS-DQi-ENT7tiUsbGrRXbURxyMzJRdoimVLLVvE79Z1jtzjUmpvQ-2_Ckm01nuLnejrNj9zDS9y6psvxXeFWk8i0JevryGWlPkGm3Yr81UEaUMghndWTj3ui_nkEgGSAwPiOIYk-gM9FaE845yiNtfitHvCb7_DximuX8rrU,2022-08-14 10:25:07,2022-08-14 10:25:07
サントリービール 京都工場,〒617-0844 京都府長岡京市調子３丁目１−１,075-952-2020,京都府,0,https://www.suntory.co.jp/factory/kyoto/index.html,34.9110061,135.6970239,ChIJGye4aPMEAWARm0y2eT-zc0k,AeJbb3cYoe8eVbqS0WI0NdGsJhVVn0Tx9piej7zsHtJBXIcKi0v_nlOQ05Y-n798cF_9y-nzW1EI8uJXE3yQb1XgUFV7wnwjDwWgTpuxJrqMXM0m9UQ0P_-YrotjZmt5xAKwy42Ps-EA7Gt1CsBYabSay_LgN3Mx0GkP1-KWYWYPpQVktZ7-,2022-08-14 10:25:12,2022-08-14 10:25:12
アサヒビール ミュージアム,〒564-0071 大阪府吹田市西の庄町１−４５,06-6388-1943,大阪府,0,https://www.asahibeer.co.jp/brewery/suita/,34.7623228,135.5187302,ChIJZ3VUTsvlAGARi-sFS2CfNUc,AeJbb3eUt3KqjZO1sxbmxvdfXYcccowhr1zoIg3Sh9yj6qkHb2ogE0IAzviVlMBcjSaJTCudmlT1rnskRg_tWtcWEdqhDY6R3g8cFApCCUNcMfE7ESCpTDWwo1bOqwsUv4xSgvI0s_V8o_kxzjLXPbsLwvVgXqkVNiEUSRKjv_g6icZAVFna,2022-08-14 10:25:13,2022-08-14 10:25:13
ナギサビール（株）,〒649-2211 和歌山県西牟婁郡白浜町２９２７−２２０,050-3820-8958,和歌山県,0,http://www.nagisa.co.jp/,33.6593632,135.3445317,ChIJwU_mbB-hB2ARrKi9fLXLSu4,AeJbb3fX1Az8xbOP-4_Cu-Fu-b0agPw2g31Syoi-GACMwYKjx0AGHNfSfI7rlINIt8yhPFGKlOw6b56Adr3hctn3GxDs29rFZO3tjpCSH2eJej-XJY-I_VA81Oe2qoRa2wDKMlpYZfMnbQcy4h_epBcZjwZdwxjbeHIeLsQ116PjCvGNuPQW,2022-08-14 10:25:23,2022-08-14 10:25:23
キリンビール 神戸工場,〒651-1516 兵庫県神戸市北区赤松台2-1-1,078-986-8001,兵庫県,0,https://www.kirin.co.jp/experience/factory/kobe/,34.8784903,135.178843,ChIJ0xXgNPBkAGARM88cN2R6fZI,AeJbb3fPlPe-0vXuohstxR8xfF10vBsjcddqQSRgtFcNPt0QVmnv7_L9W6RPkHK0GZ-4gm9TV0NlfmDkludJKfUSNuubMBgA64B3uPtFwPziQ8TAAaWgcEmnAa8RQv8DHOMYFuNQJ1BW6UVn9889G6RTYyYFN53b4coMqjo9FU0o2hFFa46V,2022-08-14 10:25:27,2022-08-14 10:25:27
キリンビール 岡山工場,〒709-0841 岡山県岡山市東区瀬戸町万富６７８,086-953-2525,岡山県,0,http://www.kirin.co.jp/entertainment/factory/okayama/,34.7544907,134.0781176,ChIJm9LC0kMTVDURn2O33ewxbpw,AeJbb3f_WdIUhYrstmswhmpVtUOeoU1O4YNRXLnFZKvBjVZ7duklXfBEi1DE4Pf7UJ7A8PbSVftYItPHFmvQSasv3rAEMIjNnVwtR6DF6juNgA4ZfBi8qychACWPW8OJncyaBy_0NJ6ZDTmq7cnerBrf5hOXRKhgvoY85eSiE0OkFGSjYRA,2022-08-14 10:25:39,2022-08-14 10:25:39
サッポロビール・ 岡山ワイナリー,〒701-2214 岡山県赤磐市東軽部１５５６,086-957-3838,岡山県,1,http://www.sapporobeer.jp/brewery/okayama/index.html,34.8096074,134.0272074,ChIJ-T7ZtwIVVDURcQ5rM6UmbXo,AeJbb3dq-cLkKx-UUNVHWjRQh_zSwqv9NGre9rxFTUbKMR1W1tx_DkCGRTIqZqHMGGconn871bVRfWG9hMswSxg9ZHf9vxS-qb9NLzoAZqR7rk8rHCwFDFRxdEKLuTV9-e7-7uJKXLHqBXauVCpXQchvvLzVe4L0DqNoMGmaEMaGHqXVzwfz,2022-08-14 10:25:47,2022-08-14 10:25:47
キリンビール 福岡工場,〒838-0058 福岡県朝倉市馬田３６０１,0946-23-2132,福岡県,0,http://www.kirin.co.jp/entertainment/factory/fukuoka/access/,33.4085559,130.6256563,ChIJVdxBH9CfQTURKytgMhBj_g4,AeJbb3fs3kkc1UjeV5I_4CtO6d-zOV8kPjEFIvwQBZs_2jqaFXqdNJWz_3ZDSxiybfzx3r3xJ5gNg1qCPj8tSyLo0pLrzXQ7oN_YNKa6DS4zG-peb0UqAO-T6OPHKUkSbHY8CHBvD8lfSQVBOVvRC7wYg5Z7Fw_W7XG4N8Fctx--vuvelPLs,2022-08-14 10:26:24,2022-08-14 10:26:24
サッポロビール 九州日田工場 ウエルカム館,〒877-0054 大分県日田市高瀬６９７９,0973-25-1100,大分県,0,http://www.sapporobeer.jp/brewery/shinkyusyu/index.html,33.2979371,130.9440418,ChIJjW6pkGVqQTURZoHnd5Thu4o,AeJbb3dTiNYViOUPCuF-K6pmNowlI495s3td4S3DnqZ182M04cf4C_N6xLKT_Ymc3CJO4hwO_S3nh8eAndvo0AysEAUM-plE3vUYolJv06_dROBXC1IJj7q1Q-kHYJL4C4J-UBJZO5FkukA6EeZrQoTzEyNVmhRl7UvMtbCPU1cMKLRI_asv,2022-08-14 10:26:25,2022-08-14 10:26:25
サントリー九州熊本工場,〒861-3104 熊本県上益城郡嘉島町北甘木 字八幡水478,096-237-3860,熊本県,0,http://www.suntory.co.jp/factory/kyushu-kumamoto/,32.7466751,130.7919544,ChIJbdPPwYDyQDUR5UiH6G8hsPY,AeJbb3eKuQfVVByyXt08mj-VvdBC674bdfQAfTHeBiCbzNb87b54JR8fjufAVYaV_lXuUPuus8lZ71IhLUysa9kFG7eiMA03-LWUufzg3fmBmU5Dys8ZgoDldEhlm0gElicICPK7qcbGElHZrt43jASL-eoQOWpca7is9VkXnRafDxi8O0lj,2022-08-14 10:26:29,2022-08-14 10:26:29
北海道ワイン（株） 本社･醸造所,〒047-0154 北海道小樽市朝里川温泉１丁目130番地,0134-34-2181,北海道,1,http://www.hokkaidowine.com/index.html,43.1586814,141.0169956,ChIJ3XGEGSTeCl8RwclqAiikpXI,AeJbb3eDI7EfWldd4LAm3z6hgM-hFQ-CFi2QxjytJ2QGg17EhRtwqSIpEZhU3HJafl830PbGzAEk7zDQ4MB8AhHYTEQiE3R8AwdhlQLkrVtLOSDvEGVqGdJLkR_F4bI9EPFBjXFi1k4i1wIKJa8j_f9nENOKZ_SVkrP8f7q6EuFQYgdSrJAo,2022-08-14 10:26:43,2022-08-14 10:26:43
（株）キャメルファーム,〒046-0002 北海道余市郡余市町登町１４０８,0135-22-7751,北海道,1,http://camelfarm.co.jp/,43.1599623,140.8168701,ChIJadLpgwPmCl8RPDb5mp2j02A,AeJbb3d5vEa7TrdG8HiMTBL5vR_jjOUGBDk8jkVg25rJ5QJZQlDcR3lbG9MFB4mT09B46On4KGypjZqIUFyWoUdtEXUgPzMk41-SBJVVhUBWor4O8q_WB5dOlWjqHNM7MReRu3qjo7jKMLG_Q3-ZpbThrRq5lzJ4Bv-i-ehsK7dNsRcxxbEx,2022-08-14 10:26:51,2022-08-14 10:26:51
ニッカウヰスキー 余市蒸溜所,〒046-0003 北海道余市郡余市町黒川町７丁目６,0135-23-3131,北海道,3,https://www.nikka.com/distilleries/yoichi/,43.185662,140.7897211,ChIJW_vtVJDlCl8Rqsgyt57skUc,AeJbb3eSCsrmK5QkPEVxutrXo1JW_SSQ5b4f0uH4tMbZehiou99FEM7t8XzZ3n0_PEExLsU4w7-DFOJOMIwvO8qA4RGH8rS4Wj5OSBcgNQafHw7tiCId0tJolOLlpLMbMThN4oHh5-xgwzXAVZ792tCzRnAuSPZM_A4_qx7sv5UOXfdR7gVJ,2022-08-14 10:26:58,2022-08-14 10:26:58
Domaine Raison,〒071-0771 北海道空知郡中富良野町中富良野 町 東 １線北4号,0167-44-3035,北海道,1,https://domaine-raison.com/,43.3718519,142.3933683,ChIJzx1q6CxNc18RibPYSTaIjeQ,AeJbb3cvRLuGei9-nGC7s1Jeq09dyHGHYxursYtLNrL550bBNBxf8Ql7jyY4iHx18S53txl4Wp3Kv4iZkT_c8TpGRREf1Gw_0npPDQDbWr7d-XwUTKPQjBNBRnSo8wLEjW03Am6BtncYJTTqI1-aWCXOC5HOkcrCroc4b4sdinsjhCH0Q0qU,2022-08-14 10:27:10,2022-08-14 10:27:10
いけだワイン城（一般社団法人）,〒083-0002 北海道中川郡池田町清見 83番地4,015-578-7850,北海道,1,https://ikeda-wj.org/,42.9190235,143.4578958,ChIJcaVatZy8c18RR61d2j1zlYQ,AeJbb3cW7sYdgZBNnSCnUX-9weAG6liyfB_9cF-oHtYsas_FsPSs4FQKuCnM8lvS3qjmmjdxMD-jJ61BIoerfm3HkkJUQ3wBkKxHPaobGgc0gsBRBrA5w_FbjYGrRIyM0giDSlh6sm6KVR5OHhtATPFSfo0NwTd5sMqgxNqnC0opb-sWG4v4,2022-08-14 10:27:13,2022-08-14 10:27:13
サンマモルワイナリー 第二工場,〒038-0223 青森県南津軽郡大鰐町島田滝ノ沢１００−９,0172-55-8312,青森県,1,https://www.a-wineryhotel.com/winery.html,40.4951118,140.5755646,ChIJ4WcDnEbiml8RG-gKAESnVVs,[],2022-08-14 10:27:14,2022-08-14 10:27:14
小坂七滝ワイナリー,〒017-0202 秋田県鹿角郡小坂町上向字 滝ノ下22,0186-22-3130,秋田県,1,https://kosaka-7falls-winery.com/,40.3579323,140.7828886,ChIJweNSg1XYml8RWpp1-8zzAUc,AeJbb3dhf9k237EL3MxzBfAfDf366KeObC1LtWIgN9ZAICRSMjggCDQsapiOJIY8CZdpsb8e3sPAqfGxfRp82bF5GAUc1yQ8Y69xz2RMSC-xkIRZ_IK7lFzTesZszNtnqzEeFmDF4v_A2NhvxoMXKIvezTptPmLpCPpybQHrAppJVqaB6E53,2022-08-14 10:27:16,2022-08-14 10:27:16
（株）エーデルワイン ワインシャトー大迫,〒028-3203 岩手県花巻市大迫町大迫第１０地割１８−３,0198-48-3200,岩手県,1,https://www.edelwein.co.jp/,39.474386,141.285214,ChIJu-xO4nyLhV8RF6DCuQD8Kj0,AeJbb3cIMgwaGJSdmDPoNVYSkjOGdlwFhDnHdP3cx25-Gtd2CgkLHKEnpdsZoH-8Th_aZFiHKKdoVoYbAMgN_HGcRahMkOuCeM3WD0fquXAApj36JoYOOimV13bNTSCiyZZzjNwsQNsxpe-lhCoxf6DG7qUktwvOP5cDbRyHSeB6OEAMvVQa,2022-08-14 10:27:23,2022-08-14 10:27:23
（株）岩手くずまきワイン,〒028-5403 岩手県岩手郡葛巻町江刈第１地割９５−５５,0195-66-3111,岩手県,1,https://www.kuzumakiwine.co.jp/,40.076801,141.511188,ChIJBUccAJDmhF8Rwp9udJEIVPo,AeJbb3dOnBJcSesSonpZJOerZELm2_uym8WxMuWX8YvDRFxWPujrbeO6zzHdEvZqlKTsJT8TceeVlQj5j3AvOxyYYauPzJsoRnE72QK_S0aDW63g-AIv4dRwtKwdIEIekRAQ4ORB2DZEUw29RmraC5fKW8OsRPG8SCcpGrmEhDuOXly09CIA,2022-08-14 10:27:28,2022-08-14 10:27:28
自園自醸ワイン紫波,〒028-3535 岩手県紫波郡紫波町遠山松原１−１１,019-676-5301,岩手県,1,http://www.shiwa-fruitspark.co.jp/winery/,39.5533579,141.2043065,ChIJLX_8Sm-PhV8R2i83-1pR1Vk,AeJbb3eLFNj59swhtYGFpaGzCw0DqgjLO8FdrAJNjwitkHeEKC7DzL_P1O14wup8KhsJeVIamI2vAptCv_MqR5gCUGD-9GaXIPMaiSodAra8o-XqoG7e_O4fhEr9AKFYQuhso9bPJCuBi6M0E9dCgKYDQ_KfzadhyCdzBjO8XL1mbcg65Ego,2022-08-14 10:27:33,2022-08-14 10:27:33
タケダワイナリー,〒999-3162 山形県上山市四ツ谷２丁目６−１,023-672-0040,山形県,1,http://www.takeda-wine.co.jp/,38.1721885,140.2907152,ChIJ7ZCcxBezi18RHaaoy_wXGzU,AeJbb3cfDHkNPvOk3S3I01Yu06WudabVdd5rYfjiP4g8nJ3Pe7OficpJM3TwSn5if0irU7-bQiQ7ptFAEfkTrFnE5kG33jujapIXGpr_mMenhXx16K8-yd7x1M6DMNkx3H6slHtFSn68MCdeJ3rXIjXwP9FrB_e8QOUz95czhH97OmQCS29F,2022-08-14 10:27:58,2022-08-14 10:27:58
ウッディーファーム&ワイナリー,〒999-3212 山形県上山市原口８２９,023-674-2343,山形県,1,http://www.woodyfarm.com/,38.111928,140.314133,ChIJg2ERIYxNil8RZ--jyLbgKkg,AeJbb3dMKb-MxIt2X8YyNN3TV1JDFINJOwKLOR9MoiU0xdRE7t4KMYktj8BbcxJcm1TUhbwd4oVvooRSeVjf5TL82KWRsdRSGYuw1aT77OVWkl0fbldbnxZ1nTJHM9qy_h0LwTDwqVNeEUo-aWQrMu1Nv3XDSyN9mK7mWxlNGlYpWICEJuOA,2022-08-14 10:28:05,2022-08-14 10:28:05
金渓ワイン佐藤ぶどう酒,〒999-2211 山形県南陽市赤湯１０７２−２,0238-43-2201,山形県,1,https://www.kinkei.net/kison-hp/koujoukenngaku.htm,38.0503491,140.1693798,ChIJbwZaSr9Vil8RzHnbdn64Xck,AeJbb3fX85agQwESX7q4-M-i1BjYPKfKtytYjO6Zz7yoS7HP-2uSuKshls0nUTKJ-5ipl2KDlrzlK50HWGdKpxeGpjP8BuPJbuHVMj7of-lzuCAktpz4LiopuQkhxTSiZFoQhDHPKUt7UVcfXUZol0KEaH5iffnBtqTcFzTMiPfFgiqmaoLc,2022-08-14 10:28:07,2022-08-14 10:28:07
㈲大浦葡萄酒,〒999-2211 山形県南陽市赤湯３１２,0238-43-2056,山形県,1,http://www.ourawine.com/,38.0470577,140.1632265,ChIJD_vBLpVVil8RXo5jj8_tzxY,AeJbb3eJ1SOTU3UPw7b0ZH3bwfQrAjYjM7ly0ddLw4gg9MbGWW6F_itvIPeNE1_1KvVjSlmaHpNVVaNva-8J3oTONByioJWi5gqLyJWBycFXcfrACSZNVw1otSS1Rk3Wzmy49eiETyXg2C43ro7oPKVTbAlELOiYn1yYGAj6LHaP15gvqzIu,2022-08-14 10:28:10,2022-08-14 10:28:10
南三陸ワイナリー（株）,〒986-0733 宮城県本吉郡南三陸町志津川旭ケ浦7−３,0226-48-5519,宮城県,1,https://www.msr-wine.com/,38.6729134,141.456768,ChIJy1xVbPz_iF8RTyEtbkSHxfs,AeJbb3f1is3_a7dURCYvGSgGhrLLkhpA70PHgtj33c1aKSqahlwYCHC4MwjPdRmc4GGt0bPPz6fr-dVzC3cjfOh_AFx2ZRp03b7jGonCJ3CVfJYTNNxKTmhzzbOhDyVWivrIQubl_-ZwNAPSRVCTfEyhsfUKc8T5NwyQ8y495GRx3MZtLdSM,2022-08-14 10:28:17,2022-08-14 10:28:17
ワイン工房あいづ,〒969-3133 福島県耶麻郡猪苗代町千代田千代田３−７,0242-62-5500,福島県,1,https://www.hondawinery.co.jp/,37.5490247,140.1057616,ChIJgzUSROqoil8RcEbMgNy_vSE,AeJbb3drMFCb8-c1QH-WMBK7LP5kbvdF6qqZAhnedkaK7vhCT8jFeB4Wpww8oPzuJ425i5l1J2kVuTiXmXOR0B0DFfBdQFnXG5E6_iRhypFD1QsC81You89CFeRq0MFBvABGDV54EfhpObJIPmx4GbB0YExHnGPRFQWkGdDZ_wqL6YwEkDtt,2022-08-14 10:28:22,2022-08-14 10:28:22
ふくしま逢瀬ワイナリー,〒963-0213 福島県郡山市逢瀬町多田野郷士郷士2−番地,0120-320-307,福島県,1,https://ousewinery.jp/,37.3924738,140.2268247,ChIJOy2a5dIRIGARsTaggqFgE7g,AeJbb3cq-Kc2P4Y7ZB5uMW9CzwytHQzUwDKK1uAtg1ns3MNoIiFRrvShlZcu1gcHVczYE7A8oti-hNqiUU2ArJsjLLiMHsPCVd_TTQSxyLhJ9-bE5NP3ah_4eHuY4O3mgyMXT18a-F_UJOS9aIcR5iXmO8_-FxhbKv7wmPExXIcrJy4hbfIV,2022-08-14 10:28:23,2022-08-14 10:28:23
島崎酒造 どうくつ酒蔵,〒321-0632 栃木県那須烏山市神長 字天神149,0287-83-1221,栃木県,2,http://azumarikishi.co.jp/tour/,36.6571727,140.1383467,ChIJbxVeap_dIWARR9xJ3oAAaGc,AeJbb3cYalFIx0hkSEYYiWbjCYqa7O-2kYTjKppOlOyCwTbYu-mH-eI45D7Zx-3Odb-mbq-zAzZ9OyHIa3ST8e1C2ZgSwWiFsOSAzoMBJjMiYUBnMFO1PFsKCYv4fbtuUS5xll1b6D3aXAgu3LdPB_cXPNX-AB0bH6ZopK-No3LDWNXU9-vj,2022-08-14 10:28:33,2022-08-14 10:28:33
秩父ファーマーズファクトリー 兎田ワイナリー,〒369-1503 埼玉県秩父市下吉田３７２０,0494-26-7173,埼玉県,1,https://www.chichibu-ff.com/,36.0392105,139.0341513,ChIJ80TOrvu3HmARFfRnQGt0_Eg,AeJbb3d31QkQrxYeRCVAf_Q712XHGR4_qTCX1iY31MsvdlmRaOGiZ6WQr7V25ZoMbMoJPB1Cp6bbc6FGgJAeIhGblSxY635h5yw3SVOMUsIdclfMmWTT1HxxT5VN2pPm2FXJQX5JEao-pp0InugES5kybAVEu_BLBj5z2R-fm_7Em9Nbgmyz,2022-08-14 10:28:49,2022-08-14 10:28:49
横濱ワイナリー,〒231-0801 神奈川県横浜市中区新山下１丁目３−１２,045-228-9713,神奈川県,1,http://yokohamawinery.com/,35.4425972,139.6545819,ChIJnc7wuB5dGGARNafNcX4mO1s,AeJbb3dp0KxQbRhH_rmbH7nygSAnlXAGhQeYgR_3gPmnmi8bAUHZYpSs0-vIXlzbRNMGJ0KCUlz5vuab8X1dHOEtjc6GhOdaD8InLV0rYUHbhA42jjomFY6wpnOJVIdLTckRSWKL93UqnGCR62Xl6JZBIMuiqZN9yRSyZUsAvFHIoEQwUHu_,2022-08-14 10:29:20,2022-08-14 10:29:20
シャトー・メルシャン 勝沼ワイナリー,〒409-1313 山梨県甲州市勝沼町下岩崎１４２５−１,0553-44-1011,山梨県,1,https://www.chateaumercian.com/winery/katsunuma/index.html,35.6603201,138.7225625,ChIJiW9k6NRXGWAR46Q2OF7O4tc,AeJbb3eRh2ElTdo_1kcr7nLBRvR8znFWBrssH_Krp6waDYtCf-Zcl9EQcvTiV6qDlt2fsh7tZZXLwusjNQHBh0FQgQzyIYxrRhIjCzS3fqZwHjUmTEGo9EgJp_9ytmK2KPnrCDUdCueWYf1Grirs_zn4pC1lv6ZWCH6P5gxBz5s6bj1hn97u,2022-08-14 10:29:42,2022-08-14 10:29:42
マルス山梨ワイナリー 本坊酒造,〒406-0022 山梨県笛吹市石和町山崎１２６,055-262-1441,山梨県,1,https://www.hombo.co.jp/factory/yamanashi.html,35.6593806,138.6437668,ChIJ05lEmgb8G2ARg1-dotVHpc4,AeJbb3d0-K4VSKjg0Vbf3g8VIYqrNtbpejjHBsaJ33epvtiGa4G95C090fO_RmlZOaeBPsyOoBjan6VFw1lUvHnCTOgf0tHzlaa6jaICbFUy6Xj6VYCr6iEVUsfS_rO6_5uMAg5vVGrANBk96ev_cUrr_jmbRPZ5CWZcUdTryRncV7fS1cph,2022-08-14 10:29:45,2022-08-14 10:29:45
モンデ酒造,〒406-0031 山梨県笛吹市石和町市部４７６,055-262-3161,山梨県,1,http://www.mondewinery.co.jp/,35.6527702,138.6376538,ChIJe7gGwPf7G2ARMWwBAcc-Ih4,AeJbb3fj4UYJDJI-vRHebV4_fy07PgtuoFoth3vnYQjIJNYnswlI-HkeFymJg9KrFO4LWXVmkJN60QZoOTIigQ6i1YwpLT3TAZINPjp9Q0iCNXUftlYTycSY-SvS-8sMNEMs5y3ZeWLbicIbPWmwRa2ymM3MRxb6KEuZ-yLFGnkFi_0BK5vm,2022-08-14 10:29:50,2022-08-14 10:29:50
マルス穂坂ワイナリー 本坊酒造,〒407-0172 山梨県韮崎市穂坂町上今井8−１,0551-45-8883,山梨県,1,https://www.hombo.co.jp/factory/mars-hosaka.html,35.7289102,138.4898181,ChIJf5iJsnwJHGAR_DrVjzTg1WE,AeJbb3e5pisNvCKZvtjXrbozzYJuxOjCksEBHHKBnHT0nWUQss1neGWiX74Cez_XsiFPlbl2rG7K0OfGZGF5xhHSHQVqE-jm0oBR0JqXfvI6OHaMgoiYZOnDxAp9Cd7dR5mTt3oPxG9-m5XBKpjhx5eAu1-KYQaP6Z1E8tJ0xhmtcmF3FhJU,2022-08-14 10:29:52,2022-08-14 10:29:52
ロリアンワイン 白百合醸造,〒409-1315 山梨県甲州市勝沼町等々力８７８−２,0553-44-3131,山梨県,1,http://www.shirayuriwine.com/,35.6644428,138.7084518,ChIJeeoIspr9G2AR7oin-qzbhw4,AeJbb3efRZLR9zCujfb1veCIwK3e-tEC692S5-NMMEVcXVX_nHZAJBWbUWAyJ87LB9uW1x2sYVMkiou6a2Upl6pqWxo_lNsLq-hDSSs-pzsrszgzSlSiKd8weLVjVcCUlRkD2j6m6t6H88W4g17Rs74ASO1pcp5qmsmFBMDUw39MeSMJLRce,2022-08-14 10:29:54,2022-08-14 10:29:54
ルミエールワイナリー,〒405-0052 山梨県笛吹市一宮町南野呂６２４,0553-47-0207,山梨県,1,https://www.lumiere.jp/,35.65447,138.7113052,ChIJM5-qqHn9G2ARne6HLpMRFw8,AeJbb3eANbuYXlwub8z5HT6CCc5I2kbQw9G2QyBbdh-e1HJG9rgM1s_yehk0iMQXicidnBbP351yCrfqV0LGD9rob785HyP-f4Oe3AzEeooFmLInfIYJdybTVWMCI_yEPLF4nozDK_NGBgCKWqr8iJVEKflii5k9ArtP7FLmNfgMMxWGeKc,2022-08-14 10:29:57,2022-08-14 10:29:57
マンズワイン勝沼ワイナリー,〒409-1306 山梨県甲州市勝沼町山４００,0553-44-2285,山梨県,1,https://mannswines.com/,35.6837699,138.7217614,ChIJXb2CuR5WGWAROO63jp1R9wI,AeJbb3eUrj7UDfI0MN70WszOCXf9X1m1J8jLReqFdx_5TbnKP9Wo5zY8pz_bbnbn7PybCHWb58V9vckPGysXFp1CrbPMhQhN1PqjdvOYNRS0qyBiS6CHZJtS1ucJWV5viMOsRSBh52W45uDA-LgpUIGNNsWuB90EN9p2Nb1toOAjwrCXr95-,2022-08-14 10:29:59,2022-08-14 10:29:59
シャトレーゼベルフォーレワイナリー,〒400-0105 山梨県甲斐市下今井１９５４,0551-28-4451,山梨県,1,http://www.belle-foret.co.jp/belleforet/,35.6878321,138.4904241,ChIJ6Yckdu4JHGARwBIhkT42cEc,AeJbb3dQ6At2mp-whPR_nnrQwvqo34zR6VOZjZ38nluQP6GAtuFfLQsuQceTnBTvyCgS81QkH_mVoEJ7fcjPMIE9P3WsN5XaXJfP_c8RSceofGTAlGxcTPML7c-CJEu642zG9nz7X5mblWfTYxu13_Q9Ug5YVrcpYP5S6fDToyotLnwCR1dZ,2022-08-14 10:30:02,2022-08-14 10:30:02
フジッコワイナリー,〒409-1313 山梨県甲州市勝沼町下岩崎２７７０−１,0553-44-3181,山梨県,1,http://www.fujiclairwine.jp/,35.6481366,138.7208143,ChIJSZQBxthXGWARATcBySS405M,AeJbb3eftyFYhoXB4zZiyUm0yQDxLfFn0VHptMsZ9A1is01SRkUzguUAEcdNO5KVEU7ptZh1acotMlLYO0r1srbSMQ8tmjqWMalL6G3lGV_VnJ2froaACz0YaCvz3DSGBJ4q-oztMGyFPaLtJAd9oGPNvc2qbTeJotyDDANBpKjxrLk4Hxcy,2022-08-14 10:30:08,2022-08-14 10:30:08
くらむぼんワイン,〒409-1313 山梨県甲州市勝沼町下岩崎８３５,0553-44-0111,山梨県,1,http://www.kurambon.com/,35.6555771,138.7231784,ChIJcTHY3tZXGWARfsyT7My1uT4,AeJbb3fm05wwKxJ4JJ9WiY8Ywv_nbie7n1wZkipoP3nDs6siOULC0UUFneY1wHU0M2CtZc8o5lPsRdSXsSMfBawywPaUWgCvIHdRs2PJkI_9XcdXMvqnDDnqTDTHhzPPqXHq9wH5NRREhcaAqceczI8zDWVT8l_Cm_MjdiSaAiazcpVdhw9O,2022-08-14 10:30:10,2022-08-14 10:30:10
シャトー酒折ワイナリー,〒400-0804 山梨県甲府市酒折町１３３８−２０３,055-227-0511,山梨県,1,https://www.sakaoriwine.com/,35.663017,138.601779,ChIJIdolSXT5G2ARcFi7a5F2yPo,AeJbb3eML1x8a_bMBz7wP9sZdNG1k3T01-1QBPTH7rg0g60t9rdGSDqo1AI3to9w627CipxmKvthDcyBzV44DnY-2mUkM8il_0B2Ocx2OCjGORSSvayp3UqvHNuHstzFiqrtTvoTHUXueuOo9W0HRSTpXDBDmbgBa0iMY7CIcW5WH2bU8vIz,2022-08-14 10:30:12,2022-08-14 10:30:12
麻屋葡萄酒,〒409-1315 山梨県甲州市勝沼町等々力１６６,0553-44-1022,山梨県,1,http://www.asaya-winery.jp/,35.665528,138.715082,ChIJ7VDXi4b9G2ARyoXT31MAn5k,AeJbb3ekqsV3GuBjTIvIUiJmD6M6n2jARoo4pIiYq8-Xmlc6sMrhgs3HEGG6hsVJYoTE-hopXVK5Yk4GeyNqC7gwc_kaq0oj5PnI76_JwyVUXmyo0wNamIN879DhFfRxDMBT5IwHz0SDRf3JYudIWNu7FtWRTFvqzusmBVaIjRSlZyXUtOzl,2022-08-14 10:30:17,2022-08-14 10:30:17
富士山ワイナリー,〒418-0101 静岡県富士宮市根原 宝山498,0544-52-0055,静岡県,1,https://fujisanwinery.co.jp/,35.4167177,138.5857112,ChIJOb8qW2TdG2AR53dhB7RsMl8,AeJbb3ftIHPqfczYuFMp5UQNctdW6uBPusvO5IOGv80wwegq-ovL6JxeYdwb0Qvk0HKkHYEN42grmo7jf4t9bI3gfs0OTAtOwyopUTeTla4fMkWNnRATm4ifES47nePt_LuZOHpyrzXLC8O9H2A9tpAYTcBRAzQrX2_xiL4eWha3HbVRAEZZ,2022-08-14 10:30:34,2022-08-14 10:30:34
中伊豆ワイナリーヒルズ,〒410-2501 静岡県伊豆市下白岩１４３３−２７,0558-83-5111,静岡県,1,https://www.shidax.co.jp/winery/,34.9838479,138.9974511,ChIJdbpiPBzrGWARy-YkOIqNfxA,AeJbb3cH-KIhtlm_G3jxEx-y21TfMowqooWuE0ANvnvlmDp-g5PJAstMY9hz6KezHcFACvEbaRK8Pf5xgL1_fybOzlJO2B0Iqw-fT_KBm58eVl7RcO5fJGje8RklinH7H_QyC-NJNFa794E5PwVFz9-Rnkc1TLwuxTM5j0wA2Qf-W0pEiZgG,2022-08-14 10:30:40,2022-08-14 10:30:40
小牧ワイナリー･ななつぼし葡萄酒工房,〒485-0806 愛知県小牧市野口 字大洞２３２５−２,0568-79-3001,愛知県,1,https://www.komakiwinery.com/,35.3169754,136.9974079,ChIJR_ASgUltA2AR1JAFlA3UgVY,AeJbb3dI0vAo1QKAL8ybFbpJ_Lb95R7vwyIuyY58O9SCU6IEK2w8CVefMy5Y53_k3azPT9ElFxzmt2lXxOOqbe7ZpRgNwwaQKR7YHQzkQ1OWESnQ9hI9VmcaoWKeieJS2jPF8q7_sbBj5FgOIQs-pY3iYBp50HuJ_utAa20fv728USC7aKXQ,2022-08-14 10:30:48,2022-08-14 10:30:48
マンズワイン 小諸ワイナリー,〒384-0043 長野県小諸市諸３７５,0267-22-6341,長野県,1,https://mannswines.com/winery/,36.3421021,138.410965,ChIJKZxV8zzIHWARj4w0KzMANcA,AeJbb3f68I7W8v4Owbg5dmFzoZtzM5GGIHR2XQxo1QnMjavrtKqheurfbRs5pbprKt9YifriqtH9bAWRbjoOB91jhui7R08f3AVFMNxkF1qf1KP9QxXYvctlcrJuNgjfbK8NX3BcKFmN4HGdHF4Apng8cOC5EddYHD7I2XMBlBxqYRJUiztl,2022-08-14 10:31:06,2022-08-14 10:31:06
シャトー・メルシャン椀子ワイナリー,〒386-0407 長野県上田市長瀬１４６−２,0268-75-8790,長野県,1,https://www.chateaumercian.com/winery/mariko/,36.3420396,138.3009794,ChIJqRd2EHi7HWARIjfOL2v25HQ,AeJbb3eB8HUoiQC8ge0SX8MP8hejvP2fsR-_07z79--BhgqyOCkVQyiT2CRuykosCAZSwqWQ7B4CLMOEHrLRGrNKaGto8PTZEUt7jUCLWSyvQpFoZQKmBAzs7ppf7ZM2tjpKXRosokGNbuSgzJHCDdVFW5sxiC3cZOg5x76hExL2fULS2DE-,2022-08-14 10:31:10,2022-08-14 10:31:10
シャトー・メルシャン 桔梗ヶ原ワイナリー,〒399-6461 長野県塩尻市宗賀１２９８−８０,0263-52-1111,長野県,1,https://www.chateaumercian.com/winery/kikyogahara/,36.1141556,137.9329792,ChIJsWkjpsUEHWARxDK0L-b101k,AeJbb3d-neKS_nPWqteslSlnxPOm5VuxPoGyzDt2Von08eDL8a0XEwlyupS8E4mSYOT80vE0DQmKoYfWAGI42fs9CduVhcW6cER-KR9CIsixMznXqI2Rzppj1rBQYM5TLF1gqwvW3atFT2zjATf03TlxxrSy8yZC59w16dxG4b354XPfrrdH,2022-08-14 10:31:13,2022-08-14 10:31:13
サドヤ ワイナリー,〒400-0024 山梨県甲府市北口３丁目３−２４,0120-253-108,山梨県,1,https://www.sadoya.co.jp/,35.6674841,138.5738205,ChIJdedOqs75G2ARCzoEDbfAczk,AeJbb3dq_jU_9MfMPQjuVMMCsxVf5br9Lr73aeOlv_dRS6EX15t7FstLtQPuG4SVu5YZymyOH25xDf9Q3sdbfR75ftxthyu6TBiHABbwXWrmPRMK_baxiKn1AYlgyTN1VZC0N1cnOcBfAOf6n2oWQVmXI08PyYtHFZgG7EO9VvnreDDi4aal,2022-08-14 10:31:17,2022-08-14 10:31:17
安曇野ワイナリー,〒399-8103 長野県安曇野市三郷小倉６６８７−５,0263-77-7700,長野県,1,http://www.ch-azumino.com/,36.2475734,137.8501648,ChIJMwBxG2cTHWARxCKyxIAaK_8,AeJbb3dUKnT8hsuskP9en8RKdFi_av7wR9TOfNjnl-NLMDRyv9NhtDJyZvZYPJDLt-A0nTLdwijNzTH5rNda3y06MV-oQmyCYv1YIndSFmsVhmdW-jMZE6BlaCST5tidBrTYigBGxs78o3cDMgIxKVr5TvmiLeBMbk_dSgrjcHiXubn1DCZq,2022-08-14 10:31:19,2022-08-14 10:31:19
ヴィラデストガーデンファーム アンド ワイナリー,〒389-0505 長野県東御市和６０２７,0268-63-7373,長野県,1,https://www.villadest.com/,36.3858378,138.3400065,ChIJMeASPxW5HWARQQvjB1AOWsU,AeJbb3ePHlDVfwWgKgCGu-jqbz4iWzkeqsD0mrIKAFEREIvYhbVPA6ORhOEirKElNaQM220S-1RcCfmUUbBz45cFane3zICqqjFxT4_x2BSRPEjGbmngON3jHaKPF2Zqg2h1zZ7pZUjaYWtlnDTNDxqin9MlIqirZj7zHcdSUcxC2uzzuj3M,2022-08-14 10:31:35,2022-08-14 10:31:35
フェルミエ,〒953-0012 新潟県新潟市西蒲区越前浜４５０１,0256-70-2646,新潟県,1,https://fermier.jp/,37.8045835,138.8454385,ChIJK0LHmtfB9F8R9fTQ7E86vIw,AeJbb3fSjqHVglUP20YZd5adNZGzWFWDIxcjZyBuA_f2BzPmB1ORQ6yU8soCfMCNVuXccH38R0KojfKiT5hOsSR1U3xrQnB4AK3VPxweSZTIRY1zkAQwhFqlH6xBitflqy9S-jJfNMdTZDkrzyrRgYsvEjcO-Y-FWEegD88ottQSng96k4xJ,2022-08-14 10:31:48,2022-08-14 10:31:48
玉川酒造（株） 越後ゆきくら館,〒946-0216 新潟県魚沼市須原１６４３,025-797-2017,新潟県,2,http://www.yukikura.com/,37.3237904,139.0188075,ChIJN6zGR0Gf9V8RfJaazownQqo,AeJbb3cDNXf-B93Hh0aZe11k3uGQr2IsyVVL7uidFUnjSgS-QzG6ebDmse0-kGyVwO87oMvfuJVZlPzObL4Zpn0Mh-YhHR8y1YPMmJK8K9DaVA4ftQEZjnQztKySjLe1kuBfbTXMN9l5cIjPVIPp3dHQkJdSQksigiZlmqo5VppF_9GSHgZB,2022-08-14 10:31:54,2022-08-14 10:31:54
Domaine Beau（トレボー（株））,〒939-1755 富山県南砺市立野原西 コート･ドール 1197,0763-77-4639,富山県,1,https://tresbeau.co.jp/,36.5155927,136.8612074,ChIJ_Wj-q7o7-F8RucKgeQvKEmQ,AeJbb3c3meVxTgya9fZ5L5E5Pe8NM2f83qVLF5q10Z80n_xdgzuuRQTqdC3ZSEp70tgKbWtk26xnUulU1j4_IHtbPHTw5m2y11PPFfM_fVCB-vQx3ee7X3NoGCS3JWFZdkPDv_NGcEpVk9B96JHLptVSqpFVAavedFyXqM8dsLyNBgTfcjX0,2022-08-14 10:31:57,2022-08-14 10:31:57
ハイディワイナリー,〒927-2351 石川県輪島市門前町千代31−２１−１,0768-42-2622,石川県,1,http://www.heidee-winery.jp/,37.2708595,136.7346624,ChIJVRbh1o3T8F8R1ya1k4efcFQ,AeJbb3dqeWPmcnhRe14hxqo2nkUO0lZxdxCKyKTTWniwQIQmc6nl3Dw8EZG0xRrcKyxlTbqgI8laOsPZyP3gGxT5WWAP5wJJ9IblTpJqKKXvr420IGZ591lVY7Nt_pBlgLAR8wTah6rnKCCW3hWxPborCPnL1LhKnNDzg_QVaBY_ZyVVdTh4,2022-08-14 10:32:04,2022-08-14 10:32:04
能登ワイン（株）,〒927-0006 石川県鳳珠郡穴水町字旭ケ丘リ−５−１,0768-58-1577,石川県,1,https://notowine.com/,37.2314439,136.9964093,ChIJQfR9GjLW9l8RG8sYURn5eN4,AeJbb3em8M5HZhIhPxKpz1ngCDawdKNNoWZbbhXBy4tLOlG3hX0b12fNcNHajUryVKreIxJl2CWjkvszptcgXXE5u3E0-e_rcc7wFnXNj0xoybC0vi1wC6IcbPxpmIU9dNCLAive-6DZkJazHCZcDxD_gATPcjnh3vsI-e06BaPZZxPLsFCP,2022-08-14 10:32:07,2022-08-14 10:32:07
丹波ワイン（株）,〒622-0231 京都府船井郡京丹波町豊田鳥居野９６,0771-82-2003,京都府,1,https://www.tambawine.co.jp/,35.1710894,135.3971223,ChIJ_S7Pk544AGARgg12-SK9uOU,AeJbb3c8lbahyxHCjXQ61txRTbT2Pf_xX5NMiK91BXbR8p5hKpfdT4ryeUskuOoT6vVxZ2DAyA7pDajz0YyK2GW8yy9gaEjn1h-7CvydmUPHoqxelN0E5ciM1Z_y4hdnZIbbXSeXB7byq1GJeVivtYl_VzqJG2M4KHtf2vYHexy4MLJPy7w8,2022-08-14 10:32:28,2022-08-14 10:32:28
サントリー 山崎蒸溜所,〒618-0001 大阪府三島郡島本町山崎５丁目２−１,075-962-1423,大阪府,3,http://www.suntory.co.jp/factory/yamazaki/,34.8923552,135.6744151,ChIJ-WxR9WMDAWARHW0W4OC39qE,AeJbb3cPmGpPU6F4PBt_NVu2AB2wf3X9z-Q-gcixuc26SeUpPooMhnfGoKkx0RP9nQmhZ797AD-rIR0yJmmMD4G9Zowv4_k6GFG6mXfVV7Im2YFfZIEg0dBRTO7lTwlScIRn2dyhEXR_-WvyRtl4TKQa2Vcl_Snj0W1YOXGNdyEEejNN5Tr9,2022-08-14 10:32:38,2022-08-14 10:32:38
神戸・灘「昔の酒蔵」沢の鶴資料館,〒657-0852 兵庫県神戸市灘区大石南町１丁目３−29番1号,078-882-7788,兵庫県,2,http://www.sawanotsuru.co.jp/site/company/siryokan/,34.7032547,135.2332077,ChIJ0y1oQy2MAGAR0d98-AX8Bno,AeJbb3dXcBNbrl7nPqGcAlbpnJIZK9uafh0GrswrWcG3woabHBN-mg61TEXFgrpiqC9AjHIEaJJCZSKqQXlNehArrsRQk7S0fBVUVVIeZfBDHZbEi1OjRfLs5etY2huQJZZmU5uX-asi-UZf40_Eed75CBtt6z2J-_L_nTOOqbk5SjaUv1kG,2022-08-14 10:32:42,2022-08-14 10:32:42
天橋立ワイナリー,〒629-2234 京都府宮津市国分１２３,0772-27-2222,京都府,1,http://www.amanohashidate.org/wein/,35.5756468,135.1774887,ChIJ5z1QTCKX_18RxOUnU6yxkYk,AeJbb3cy3WFC1Xr1Eo135WU2QiFD1wHidhSqHtoJgeD2TrwYvXip18h4nlCyqwwv7A3no_QNWuLoJgAsQUEU2oNjAr_qlzFgoemITVy46D36wfGX-PiR7SCqP9yS4QvNFgrGCj0ldw1Y3DVjuGufm9grXJ2HVGMqtQbQY0OJX-CsZMDDswNs,2022-08-14 10:32:50,2022-08-14 10:32:50
河内ワイン館,〒583-0841 大阪府羽曳野市駒ヶ谷１０２７,072-956-0181,大阪府,1,http://www.kawachi-wine.co.jp/,34.54446,135.6269912,ChIJq7k78UIoAWARJbKBOXg-vg0,AeJbb3dUbjMqCSzYpv_uny2NzsJ1jCyCq_7s1WGIlzNivuKGGmFeLkrtsFQz1bE2nzgiycqfKWTEyNkjzp7kfZ19n3dz5ugq0p7J4DE2urhoRo_yycSIxfacIKaJJgK4OxGc5vyrl2ZzkdVwIKi1hRK-zf8ZEcbxRacRJehmuqYK-RspHbkP,2022-08-14 10:32:55,2022-08-14 10:32:55
カタシモワインフード,〒582-0017 大阪府柏原市太平寺２丁目９−１４,072-971-6334,大阪府,1,http://www.kashiwara-wine.com/,34.5835197,135.6324193,ChIJ9cbc3MknAWARrNv8HCozJ1g,AeJbb3eAOrMsMGBtlqdxOqcXW4jHtVw4mn9jIJZmpPwfFfGffZmz36ODYTXOARDYsP46OOzXE418s_EX7YbI8QBzLsB92GHyu8EEyTxznD3YvTuYnNaU0GuDeOUIQ1ygNT2jkP6F2G1sZjEhmVNMzB2aS4P8EZ9XAm4ORHSY0K9eMkog0rLe,2022-08-14 10:33:00,2022-08-14 10:33:00
湯浅ワイナリー,〒643-0005 和歌山県有田郡湯浅町栖原３３２,0737-63-0061,和歌山県,1,https://yuasa-winery.jp/,34.0423668,135.1706579,ChIJ_SPgeBdFB2ARmf7CEDGZDww,AeJbb3cqMwFx9VlarbIGflUWRGNfFAtWSMtJF1sb3JADAzk_49DvzyxrkfOhBRJNpUvd_Q0PXAnkp2vHG6eFcfab0GjBod7PhKBb4u2X1aP1gqhBpGFUf7Hn2CxIP2lJQzTuFFSqRp-uCXzYnJOiwylv0GO2jUd9IrBz8beVx-QtZ2anSgsF,2022-08-14 10:33:07,2022-08-14 10:33:07
神戸ワイナリー（農業公園）,〒651-2204 兵庫県神戸市西区押部谷町高和１５５７−１,078-991-3911,兵庫県,1,https://kobewinery.or.jp/,34.7323941,135.0403648,ChIJn7Nctsp_AGARI383DlEKwfc,AeJbb3e6ziC_TkflAaWsyHwtuquOIlFOw0lajyhFjcYzLCPz72xkDk0Wy82n-husHPs67EFn_TvEAyQ_Ksov7nmrt1KzMGu9flKuoIulEFhW4-SVfZXrvWOvFTzxUcOX3N84WkXOnO_vl7m_XQ9iRB1X5menxFh4ROf36-Dv76evUDFKWwHy,2022-08-14 10:33:21,2022-08-14 10:33:21
江井ヶ嶋酒造（株）,〒674-0065 兵庫県明石市大久保町西島９１９,078-946-1001,兵庫県,2,http://www.ei-sake.jp/,34.6813409,134.9055295,ChIJfc2HY8jWVDURdhEWEUyYxwQ,AeJbb3cv9DQLN23CMwGaYA0p9_ji26otdG84n4cpeVc3I8iMocVk9xN5X4QrB2wywpu9CgrRPM_FVXfdIYPEL1uau3nrqp5_q7k6maFJk2TKMyOpjuym9zBhgUBSGc1uGALYoU09ErkQbrjb_-w77_G3HVm8a_Hqei_vXmwV8fYB15n8DtDw,2022-08-14 10:33:32,2022-08-14 10:33:32
是里ワイナリー,〒701-2435 岡山県赤磐市仁堀中１３５６−１,086-958-2888,岡山県,1,https://koresato-wine.jp/,34.8675571,134.0132683,ChIJKesKrwMWVDURrmwymsbDABA,AeJbb3egh1a8eO8WYc3v9xZ3PI342P_kq6aN1sKcbSCimXc1RCWk1FEdCvGFsyfxvrEGENbIsO30p3zZ3Z1PkO3U4sU81W8nuZgQM7jajn7xLX7SsoqtcVUrqD7GPJIw_5bRdikn3pFaDWh1KkRLs6athMZSFEpIbfh5y9TP72NZP6WkVvvO,2022-08-14 10:33:38,2022-08-14 10:33:38
ふなおワイナリー,〒710-0262 岡山県倉敷市船穂町水江６１１−２,086-552-9789,岡山県,1,http://www.funaowinery.com/,34.602928,133.720188,ChIJS8Bdvy5XUTURmA8iecSc2cU,AeJbb3eWHCl7dc9udMXI1csorQUZI6-ckDijIZT29H6N6zeUHmgshXyW_dV-kCjxycMY59fCXrcwcqlD1I2fOeWmfE-RbRY4KrwxlNStXhB4q5fV5UWKnXursMCyRCUNQkNBHIm9lLeo0HSfyvrQsDdW6vtV9EtxKxQwo8-JuSz-mKorLTwB,2022-08-14 10:33:41,2022-08-14 10:33:41
広島三次ワイナリー,〒728-0023 広島県三次市東酒屋町１０４４５−３,0824-64-0200,広島県,1,http://www.miyoshi-winery.co.jp/,34.7777938,132.8666488,ChIJDUO3kc3qUDURJVvFmBuTUqM,AeJbb3cdgF9KfU3n6gEniByXjEwuZmWPfguSOy_MDBla1KpGq-DBPQ8qbOh7g27yuR4aYzZ5ifL8Jfb4-0jgvAdx1XPc6INauU5GjXf88SLb_uhImRJ3HWIwvyFbWopRGc6KdTa4OwnB1SfLlbzN5JUEASLJXiFyXcAVeYmMVRlPTHtFvuFv,2022-08-14 10:34:08,2022-08-14 10:34:08
せらワイナリー（せら夢公園）,〒722-1732 広島県世羅郡世羅町黒渕518番地1,0847-25-4300,広島県,1,http://www.serawinery.jp/winery.html,34.6296856,132.9825248,ChIJjyFiG7XvUDUR9yhYjdRJPEQ,AeJbb3ff-A_uKx-psXwVjGe0SHF-HhdsUHSqbUYndYgaEYCXlZ41tAvZLXxdZJA9dGvuGNdPc4XgjiK5dVduu0dm5KlfnZNXP0lFsBdjbh8xRpUxYDVxet-cDMbggTVIqiBwRE1_HS8b0S6VxzUpXl97fg9lyARq_qe_Kc2R0oGUXYG-65Rw,2022-08-14 10:34:10,2022-08-14 10:34:10
島根ワイナリー ,〒699-0733 島根県出雲市大社町菱根２６４,0853-53-5577,島根県,1,http://www.shimane-winery.jp/facilities/bacchus/,35.3954082,132.7113776,ChIJgwt99DVDVzUR_5K4ZPGGxSE,AeJbb3eUd4opITOSvtKdk03uHYhnvu6lNZskv4DK0jLTUySP8Ov3RVmQiAT9QqvBHzXl-4MDAODEaoKTTvjcLpb9ZnYUz-YYUj2hpO2vP3dQRYTGeHcuLG7IZCEAvkfXlbBMp8tgS1jXb1UnAaDgwan3z8oWsWoRnlkUgPSDxA-57eKxdwUb,2022-08-14 10:34:21,2022-08-14 10:34:21
さぬきワイナリー,〒769-2103 香川県さぬき市小田２６７１−１３,087-895-1133,香川県,1,http://www.sanuki-wine.jp/,34.3612783,134.2125252,ChIJ35bwps2PUzURqsF2Pzr_hos,AeJbb3eQEjpngKsRkQV9rIYkQV0PlyL-8GpIdSCYtcsX7BZO9wPbcgbgRtk3CvoJwivWmdPqSjKajV9C2Luggur1JFtl_mqp5iOgY5s0SQ5l-vEyOnSEBTwLsPLIbtTef1xJeXcWT5UiaAhLXp-2M4wBjUuDPX1r6d2gBfm3DQmbsr7dNOYM,2022-08-14 10:34:26,2022-08-14 10:34:26
内子ワイナリー,〒791-3301 愛媛県喜多郡内子町内子１５１,0893-44-5650,愛媛県,1,http://www.uchiko-winery151.co.jp/,33.5510142,132.6393259,ChIJ3_W9ATKETzURTaOC0eluSEs,AeJbb3dBPH84M1TGtOXSLvHfYc44ENZDYmxPA3OxuYreWMGcMToO_cBnNXv8jpev9YasBL3MYNVBjbVPLLZuh6vOIEBLykDzoaKnpMJZvE5E6W3Ygd8KDegMEy8tECDQKNWCcax5iu89QeFQPqxVyK6nJWj4jGDN0zniNs3nJiyQPOOCoEoQ,2022-08-14 10:34:50,2022-08-14 10:34:50
立花ワイン,〒834-0082 福岡県八女市立花町兼松７２６,0943-37-1081,福岡県,1,http://www.tachibanawain.co.jp/,33.197231,130.600939,ChIJG56796ypQTURnQgYWmqMHdE,AeJbb3dt3aMBE70MOTYdWwxb98SnNW8s8xBf_D7XtyMMqgadL6_ztse6idlMG5ckbDRZz1KmhwOkaA77wrRRKxUpvlbQRpbcY9D4UBxvpTbLS3TRXUbT22C_3kmZHBjJ2dvp55hJUfYL4tBLDRPmuTtoZeujPBihgPpn00PDIeTQBeA86ceA,2022-08-14 10:34:56,2022-08-14 10:34:56
安心院葡萄酒工房,〒872-0521 大分県宇佐市安心院町下毛７９８,0978-34-2210,大分県,1,http://www.ajimu-winery.co.jp/,33.447243,131.35114,ChIJxRNbU1sBRDURDByTJQGKzg0,AeJbb3djPqjHgYkzmps2zyDHpIDZERr7j3wPVW4ARY3fxjRRrxcM4vyP_g5-uVFenTBn08wrBliiT0PcTfmHysRf5li0MINAJUa8jSAbHyINp60WebuBmW7-rDDQilLYkZjIsDxBmkfyhl920zmPhqV3EzOTD2O6ixoa_zGSqPNhUo_QYhkc,2022-08-14 10:35:37,2022-08-14 10:35:37
（株）山鹿蒸溜所,〒861-0565 熊本県山鹿市鹿央町合里９８０−１,0968-36-3400,熊本県,3,http://yamagadistillery.co.jp/,32.9794302,130.6780781,ChIJicP-2Ur5QDURGM_mnlTe9cU,AeJbb3eYO97N87SC6kSfSt2tnYTKyMXFf8Jt_5etRjsecFh3lFPrxDqjEQa3njTf37PoZAyizfZh9n0wuXrIKO3FHOjZMXKGVWOIwj6dsLpKFf4ZF818WntXsbaJNeKRWHSWER1tUibOhrfDKhU9yEqB6hH_mxUpw7r7423N-tLBZUipgcEL,2022-08-14 10:36:23,2022-08-14 10:36:23
マルス津貫蒸溜所 津貫貴匠蔵 マルスウイスキー 本坊酒造,〒899-3611 鹿児島県南さつま市加世田津貫６５９４,0993-55-2121,鹿児島県,3,https://www.hombo.co.jp/factory/mars-tsunuki.html,31.358976,130.2860123,ChIJvU_IL13gPTURZoPY8OB1tww,AeJbb3c8FuaWThNTL-l61WP2GQMPw2CAkxMbaEdjnROc1bR5nF8Mj75PCMzUiqdF5_IO45613GdnF6yJyWifMrYMwOHkcHMhzC8BF78duecM7X9SQ0KHSM7qrNU-0UP13eqnbyfU2ZqsPFprkz-0aaWH5SXI_DSpn8Sk_FY6gkmfI6hcY2JS,2022-08-14 10:36:56,2022-08-14 10:36:56
（株）ニセコ蒸溜所,〒048-1511 北海道虻田郡ニセコ町ニセコ４７８−１５,0136-55-7477,北海道,3,https://niseko-distillery.com/,42.8483775,140.6395748,ChIJK7cvqbClCl8RB7XdWXFr_F4,AeJbb3da6TZtojqcY37aqjlRXKKdVd2Mq5r0rHXLtcgzJObmzvGvGAo8fXYq729nySdhSpomEGEXlshSo_XcP0WC4WUwduv8U-r03cd-Vp2mDB68H3dhDgKKVaos7dI9tfd2rs4vqX7ndLveD-21FjOZ3VpvzZd8ipU0wiCORgZBomjmYt4o,2022-08-14 10:37:23,2022-08-14 10:37:23
八戸酒類（株） 八鶴工場,〒031-0086 青森県八戸市八日町１,0178-43-0010,青森県,2,https://hachinohe-syurui.com/,40.510851,141.491746,ChIJoWEh9w5Sm18RuO8i7A5Z36M,AeJbb3fxo4OBw5-PPL6-escyvdwJSGTDREqS1ZXGE-eDgdviiX2OUHxz6Vne8YVpvPJSkqWPTufUAd4VRSA7G9F0VdFI_2NAbi0qDxgLnSMjy3_N9YFYtGfMiZfD_6X9IkIC67oGCjWWo-eRkrSOG6P-Oqw1XnsEeosZ_NWMH__voAYcwDXH,2022-08-14 10:38:01,2022-08-14 10:38:01
ニッカウヰスキー（株） 仙台工場 宮城峡蒸溜所,〒989-3433 宮城県仙台市青葉区ニッカ1番地,022-395-2865,宮城県,3,https://www.nikka.com/distilleries/miyagikyo/,38.3080001,140.6506331,ChIJWahESkPTi18RTg2R45JqIgc,AeJbb3e0IYustOYz5MTKHm5MgEd-7UyNj4Fvyf2wbCE5q0ZiUlNFkoi_5K8PC6vrdwHFnOUy7nXfminteyz_5zeTY2HwXzYdND9FSNNMa5QCGuoe5AxjqbStbjR8QS4b4EJTJbRPSTSxR-T8v3hO9audTz4PvqaMhprb0dD73nF7wNfzTYyP,2022-08-14 10:38:22,2022-08-14 10:38:22
米鶴酒造（株）,〒992-0301 山形県東置賜郡高畠町二井宿１０７６,0238-52-1130,山形県,2,https://yonetsuru.com,38.010395,140.2389832,ChIJfzJszbtXil8RwPRYGwNkQXo,AeJbb3fWQMaMsuCwCD1wArRT7b8F9xHN_TAjP03Y0bpRcUiIdOLKcxoMj5RRZUcOjGDBcLXEJTK_Oe1M0jbCt3Axud1O_xZ7D4oHT-vtQ_ltYlyJZ4A7gJCC-bri4CgMOfZxmr0x2G2cTAx-B00f-gZC6d-HuXzCdELA4Nt9wWdnaLCRFQ6s,2022-08-14 10:38:42,2022-08-14 10:38:42
笹の川酒造（株）,〒963-0108 福島県郡山市笹川１丁目１７８,024-945-0261,福島県,2,https://www.sasanokawa.co.jp/,37.3619142,140.3724374,ChIJE5HhihZrIGARRlvQulmZ-r0,AeJbb3fbws3kYUjaih5qD4XIEtrbJ0d73iqc9cFgtp4lGbF9z3bepV_toep0rZfBZv5FwsNRS3bgwgI2MDmOYToCHlhDRGfRQuNI5V_dpn8wQqv1JYXfi5zYV6GpUFbwyX4dZCqlNo725GVB8HecCMHRkN62uS7CMZf2O7Iu0uIMxsSWDFQW,2022-08-14 10:39:14,2022-08-14 10:39:14
愛友酒造（株）,〒311-2421 茨城県潮来市辻２０５,0299-62-2234,茨城県,2,http://www.aiyu-sake.jp/,35.9460901,140.5581469,ChIJ6-kLUEpWImARBhlTRQrRt9M,AeJbb3ciILByt8fWhaUEWNRXNziDR7wNBafnXRz2o7JycM944NPDyf6bDlpG6MIJ_6FOK9u1mNLvu5Ab-icSCUHDCmgNHw2r50c17va12ZeV5d_NWlFDUw4nbBEShuuUQJtyizmUx1slDPOgLZno0HNw2YIwntufQYtIcApzRs27R-mIcY-7,2022-08-14 10:40:00,2022-08-14 10:40:00
外池酒造店,〒321-4216 栃木県芳賀郡益子町塙333番地1,0285-72-0002,栃木県,2,http://tonoike.jp/,36.4607586,140.0784061,ChIJlVGy3sf8IWARRqv0tD1KTiw,AeJbb3fxvsg9plJ0TQHhayr8lIP26Ux0y2Hm79O7b38LesLjsASai-F2HK3698veCP0GfR2ZQhcBOMj2ffhlC-Vvx1ccvG83UfSU9iliL4nVSKyDG1bcoN0roiftAHf47iaTcaFA2KN8fnQPvPWEK2tbRli873W3g4B5M8KkX15uQrzWZ1ti,2022-08-14 10:40:13,2022-08-14 10:40:13
和蔵酒造（株）,〒299-1131 千葉県君津市下湯江２４０,0439-52-0461,千葉県,2,http://wakura-sake.jp/,35.3190736,139.8866902,ChIJp0nuPbANGGARx7iCnfcTdx0,AeJbb3fIJX4-ZYX_PPVoCHyvpPB0fPFlsvCJAsj71OV2wkXN_To4p2NpQHSc5owPve61O_C_APFmgmGkdHpuGaPryEjxZDnQc7qpouk1SEHnut2F5Gx35EWNcM_jnTyXLEFyeQWH0UUoaf33h4TJyMv14oiFzAEfc7yP3uxtrdkvsoiJtinT,2022-08-14 10:41:48,2022-08-14 10:41:48
富士正酒造,〒418-0101 静岡県富士宮市根原４５０−１,0544-52-0313,静岡県,2,https://www.fujimasa-sake.com/,35.4115678,138.5911431,ChIJhYDFLHLdG2AR_LbRUVMdPxI,AeJbb3cH4V3K1Q9YsJfwsPlx6x4CZBHiISWKiOhUYM4zdTpU6TlmZl6Bbpc34tlG6M5NJwCZppxxgPtU3sS_mNUBl-V5tbnS60pXR5-PZfm7zWPtwEIxQHzgpH14EkocoQc_1FyDQxewDrAT0kw02VGky0xIpjTdek-GC53ZZ8Gyb7Si_I3w,2022-08-14 10:44:37,2022-08-14 10:44:37
キリンビール　名古屋工場,〒452-0908 愛知県清須市寺野花笠１００,052-408-2000,愛知県,0,https://www.kirin.co.jp/experience/factory/nagoya/,35.210062,136.850221,ChIJgXtvb7t1A2AR7lkSFQu6BAY,AeJbb3eHBTVWBoxMO0H_EWIorzjB4GtFTRPwTYcNMxnOWFTtvqwwiiC4Q_kNctkct_YiAeEJ2tPnfEwmgVd10dSPsoIiKS65v5biAAim5zh51MGVyCSr6ozZ4SSmgbMnS0QZJs6DJt7VTbfvQpGav8DwHK7hHTpAixrQmB5GgUYN8NksQqwv,2022-08-14 10:45:20,2022-08-14 10:45:20
マルス信州蒸溜所 マルスウイスキー 本坊酒造,〒399-4301 長野県上伊那郡宮田村４７５２−３１,0265-85-0017,長野県,3,https://www.hombo.co.jp/factory/shinshu.html,35.7477051,137.901317,ChIJtQyZJwvtHGARrqayf_ffQn0,AeJbb3cpXveieUjhVO_OdBx2kv8igva4wtpIEnvN_EGh5ae6rKStvbpbyLJzMJSFoN8Eneias4rEgE1BCR022LSNW6rzpeGj8i6VXW1aK1INt7q-nP4nyeFYHW9pNQO75CcTkfabw4J2Ri9EzcZjstVgDqQOz3djTcmvI04ZhXzImOHUs5SG,2022-08-14 10:45:47,2022-08-14 10:45:47
八海山雪室,〒949-7112 新潟県南魚沼市長森４５９,025-775-7707,新潟県,2,https://www.uonuma-no-sato.jp/facility/yukimuro/,37.106407,138.9325288,ChIJqTx4xWvz9V8RDtmtDaFh_TU,AeJbb3fRAW9JQWVUJfAeT6eo-i9MXKnsJixec1Ojppu5TolVQ-xuSHG_6EL9o-DhEzewJQ8ZyI6sM_FwPkSC1nNiD5st1u0S9_KAYbmf89wX8aHcbD8656VWoQdbFgXx7tRf4yew7unYoSGvhy6aOcA-xLDQn2YUsVH0vaLYbxugnicGfoII,2022-08-14 10:46:57,2022-08-14 10:46:57
（株）角口酒造店,〒389-2412 長野県飯山市常郷１１４７,0269-65-2006,長野県,2,http://www.kadoguchi.jp/,36.927372,138.393679,ChIJFxjTzaEa9l8RQMeSWxd6au0,AeJbb3eHRWvi7s40OHvQ_Bk5jpwKQn347oFcVvUr0O23EEWKBO4b3bDwcaaokAmRpiefWem7e4NEeRPQih4IeJK1_XNznRmmRjPz2NjZo0yT2Qx126uA174AsHKarj8yvQrb1_vSIVLa-QmbPLyMCxZFwQiii3W51XE9zQp77_xVoOv2eEn3,2022-08-14 10:47:00,2022-08-14 10:47:00
六甲山蒸溜所,〒657-0101 兵庫県神戸市灘区六甲山町南六甲１０３４−２２９,078-894-2225,兵庫県,3,https://rokkosan-distillery.com/,34.7573099,135.2289562,ChIJ_cTVt_KLAGAR2XlqwGjTqcg,AeJbb3cl5uFjJOj6WCmUS89lyr-x0UNzt5lZtP-F6X1b_86KEEQjLoXipER9fpGxZTUGEaPmwBN81ljcf2r8PqnlcDdb99MI_d1PKfaYPZcDu9D-SsDCOSOxYmYuQpmxUf6aSH_m7AwhheLDXA6B37zzAhYnihkyebyNAOSGZOWzQOGpyZk7,2022-08-14 10:48:32,2022-08-14 10:48:32
黄桜 伏水蔵,〒612-8242 京都府京都市伏見区横大路下三栖梶原町５３,075-644-4488,京都府,2,https://kizakura.co.jp/husimigura/index.html,34.9300578,135.7484136,ChIJpwPeQGMFAWARp1eOS0ubrxk,AeJbb3d07PoUdaZ0gQCYe0dVr6IwLHF0wFPdel7z5zJevr4cLY0rcLtVSWcuHHw2f3kFh9lZiKtkdUEERZ5bKNJwY6sABoUiJgTP3UL_RhG9gqK6aYWNgcydbc5--FuVkmQLalr6DIZ-vcykiB0QFZrbnIwj_rOhIMBfAh9F7C64Zdvt6J0K,2022-08-14 10:49:21,2022-08-14 10:49:21
浜福鶴 吟醸工房,〒658-0025 兵庫県神戸市東灘区魚崎南町４丁目４−６,078-411-8339,兵庫県,2,http://www.hamafukutsuru.co.jp/,34.7096452,135.272953,ChIJgUdxshGNAGARdky4I233XNg,AeJbb3ei-fgR4yNCWCKdipMaNkNUUlw6rvbtNc2o49ZwaKQhAM2GfY2UaWaHww-u9VZ21QTOTBjP96Aotj-74TQxa3fGjF4FMdkbZ1RUFQSKbVf3OEtmKuMVIsuudPUcJ60lML_7ASsQOsvCAm95wBMolXfRRFD_DF8QmZ2eD0RBHTnHO4KZ,2022-08-14 10:50:42,2022-08-14 10:50:42
（株）サクラオブルワリーアンドディスティラリー,〒738-0004 広島県廿日市市桜尾１丁目１２−１,0829-32-2111,広島県,3,http://www.sakuraodistillery.com/,34.3550501,132.3398375,ChIJj21BzxC7WjUR3CWYYC8yfmM,AeJbb3dmgroDYPpm1veQhyskNaVpxjVQnH13QjkDyT6ONeou55yRdRVa1s0AnMHR5S4kv62vWrQkSzVUv0L4B7HNT3F_ld4xw4VhYv0-Ox14fEkhnen63brq3NkL3wdS2a0oE7DrwUfeJdXvzgiwdotBJRvZbTvIT6mJMdL0lnjCROrjfvGL,2022-08-14 10:52:21,2022-08-14 10:52:21
通潤酒造（株）,〒861-3518 熊本県上益城郡山都町浜町５４,0967-72-1177,熊本県,2,https://tuzyun.com/,32.6849126,130.9874322,ChIJn_NmZ7vBQDURY0cwa86JuAg,AeJbb3dnnP6J11E4Dz5uynV-jZnax8P7Ghz9FuTRGbzFHR9KtghTuNH2TlTZ6QIlYZ_b9zF6qRP-KStj4q6KbTMwFZRprg3G6vaMbITg0GWsnf96UHRyyolBCujv5iE0tGYoCvoy8LlCBilJJVlYZ18cM1nbQ0n80AULlpbu3qk7LeIMLFgL,2022-08-14 10:54:45,2022-08-14 10:54:45
嘉之助蒸溜所,〒899-2421 鹿児島県日置市日吉町神之川８４５−３,099-201-7700,鹿児島県,3,https://kanosuke.com/,31.6029649,130.3354953,ChIJtQGddGRrPjURJrw14nU1ve0,AeJbb3d4aknS5PRTY59KRNS80TsXqGEwJ7QKLvq6-kN5qphaNWCLCKZmSvI4S283c6qHkW-nTel6OH7ahzBq1YiEdweJ-Lj_WgOBkHp-9wyngqmx0O0m_-SKr6Q3kHFw80dnjhmWmSqJzWASP98Ts1oescg4zVi7Q_pu-xoaGVAb_nsk5U5a,2022-08-14 10:56:59,2022-08-14 10:56:59
田中酒造 亀甲蔵,〒047-0016 北海道小樽市信香町２−２,0134-21-2390,北海道,2,http://www.tanakashuzo.com/,43.18616,141.0134131,ChIJK3S4ul3gCl8RqOD0wRgNyyM,AeJbb3dJIGmTzIoVeOnOWXcc_fNY1RiNu0ONaS72D1dXzz7xn4bRGpk0CIbifaZo1HhRLOciccRdGRHtGKB7MAeI_hl_vWKc2FIpch2tkmrWMwZhj6qnE5Kbh59yQMdb3jA3aQkGetuBsp6jeUfGLhSUyDAr9nJKIRNoOtHsvQz3MpVaxYcq,2022-08-14 10:57:48,2022-08-14 10:57:48
高砂酒造 明治酒蔵,〒070-0030 北海道旭川市宮下通１７丁目右1号,0166-23-2251,北海道,2,http://www.takasagoshuzo.com/,43.7603256,142.3724384,ChIJ0QfRRT7mDF8RUqp10TZM8WQ,AeJbb3czW5-7PNpsmKuw4P7wHqLHNzclefXY7PxuNV4pcFGMmcDfgpoCnJAfAmKy9MyMkssmujU53yQRWtx9JdS6XfCLPsQbpsB-8IccJlg5ZbW0oktAi658GNLamZLjI6fy9aUP_dC4qutSfBlK0ZfNBtUswA1Bfq3jZHXCVNiC3WHIXfpx,2022-08-14 10:59:22,2022-08-14 10:59:22
男山 酒造り資料舘,〒079-8412 北海道旭川市永山２条７丁目１,0166-47-7080,北海道,2,http://www.otokoyama.com/museum/,43.796223,142.40945,ChIJDe8g6qDmDF8RbXtV31xC5Ng,AeJbb3cpmQJIcff6CqNMBeByD5ZF5dgrAIlhJnH28Y6p8KmlJjOX-G6yBDsrjuy0k02DFOLduOB3rZQnL5pc3hrICf67bvs7A1_k40pQcXL_1QrmsMCTDVYMOwVldQXME6I6yBwYw4H2g0O-SG3aYtSVhyo-sHXCBMcvVj_GvroOXUO5SKGC,2022-08-14 10:59:31,2022-08-14 10:59:31
（株）鳴海醸造店,〒036-0377 青森県黒石市中町１−１,0172-52-3321,青森県,2,http://narumijozoten.com/,40.64414,140.5967341,ChIJKcysoocGm18RGPnn0yC1bQQ,AeJbb3dl7uy7umIkjPl4RTmV6N7LxOnjLS1X7Yupv9VVWH_0GnA_a8ZjlYTg6K-2nELgmem0Gm--uYbceQjXt1762OYqyzxGMvNJz_LJdYUGBqQNkDzoPfUwmUzeEYtps-6y6XbdRoqbiio-4IAI8QVMbq8Ba9vZQy62Zz7SC9TRUifrhvGp,2022-08-14 11:00:43,2022-08-14 11:00:43
八戸酒造（株）,〒031-0812 青森県八戸市湊町本町９,0178-20-0880,青森県,2,https://mutsu8000.com/,40.5243348,141.5231835,ChIJlyMeSDJSm18RNF7g3BDEi6M,AeJbb3d8dIyXblKkGKRB4jCX1VII2w_81Y74s69BVJcwFhGOzm6STJWgiXD_VTLqpN9m9Mtz931m_Um6Gp-GasHL1KD-rHhnIgZ0C_VE_QnVyA1c6C_UkiP2_OA-o2oUxeQoUlWzwcQvc_RJY00am3Y_fnjel7h1XE9b6oWAtYoiPHZyRjQ,2022-08-14 11:01:58,2022-08-14 11:01:58
（株）設楽酒造店　月山の酒蔵　資料館,〒990-0521 山形県寒河江市谷沢７６９−１,0237-74-2020,山形県,2,https://www.shitara-syuzou.com/,38.4041975,140.2349963,ChIJUb0odCHCi18RP-9D5uxEkfk,AeJbb3cPfkpzQH16gPzykqCi9s_7qRVwT4eSJnQZulvJj1oDBYhJGSew3O31qbc8uGsDHhgYBKc4jWgLkNwU5KEkd6SJndHYGgNxL9HvA38dgOmjz-vvELD52fs8RaCeMJb18CM08ACbb3ADcl8FQcQKUAtGCD50EUp5icNvN_ylZtUbspur,2022-08-14 11:05:34,2022-08-14 11:05:34
酒造資料館 東光の酒蔵,〒992-0031 山形県米沢市大町２丁目３−２２,0238-21-6601,山形県,2,https://www.sake-toko.co.jp/sakagura/,37.9056359,140.1123076,ChIJCRgSPzDwil8Ro44ElZw45bQ,AeJbb3fDOalmC8v2t3IsjLOAG09-0xE-qRYoxrw8JQzO0XzQUlAMMCpehgqMvcRb8Q4A4-nvzGNcLOW4M496WJGiBymO3C-DmtFSJ1yUCmB_XeEb8YOKEV-vYxKjF0EPpgbbx4HROyCVrvDMZ4YO4r-0cBK7ArQJMOq7l49qcwSeP_XwcqAs,2022-08-14 11:05:47,2022-08-14 11:05:47
（名）寒梅酒造,〒989-6216 宮城県大崎市古川柏崎境田１５,0229-26-2037,宮城県,2,http://miyakanbai.com/,38.576165,140.8844437,ChIJG_IBIeJsiV8RiU84ojr3LP8,AeJbb3fCFlpTYuR2Es9IemLUgFajyE9BTXSZW2RwxAUTs7JZyi4onRLpmJgaImnPYC5nvd3tR72jGtfECL29bV-fLIFwjTt-L8F2hPU-MPm4mGqe2C6vC_KVWQckXW6DGE1ByYfT5DPU4L5XYkDXQzC4nRTJ5vo9vUzKfxz2C13jFnqETSXS,2022-08-14 11:06:44,2022-08-14 11:06:44
（株）一ノ蔵,〒987-1304 宮城県大崎市松山千石大欅１４,0229-55-3322,宮城県,2,https://ichinokura.co.jp/,38.5019953,141.048708,ChIJW1nJb810iV8ReZ7y5hcRQEM,AeJbb3eV7EBGsL_-cY-o2y5AgCZ1ld7rUYRm4od7l1OjHApPs8zlKK1O6kaORVPGAw5QKWVkMv4mN5n8enfxSlsPdR1SY3VcehPtxoIEBs0mlm2y0C5xXP-13lBISv7Af3YaWh4zjzVhIcw3tCjSQ5cRI2AfToy6eELO9Dwc2gvGfpEIFyWI,2022-08-14 11:06:49,2022-08-14 11:06:49
磐乃井酒造（株）,〒029-3205 岩手県一関市花泉町涌津舘７２,0191-82-2100,岩手県,2,https://www.iwanoi.co.jp/inspection,38.818559,141.1911771,ChIJ7SX-_TzeiF8R_gEFbVG10H8,AeJbb3dAl0jibnfYTumrFZQk8o-HE1Nheds3gBkxudEi_-6wCIG_FwVZIdWowLD64iM2dllVNAj55q3gHtsdVlp_yrrovtPokFChSpU5PQd_Yp7L97p-3Z0C7dsAbqDSWy6jrNsfaN8hxqGpMcHhLdqcl0BpYAeZY-YeXNt9lrVF9kkg_DxA,2022-08-14 11:07:11,2022-08-14 11:07:11
（株）佐浦,〒985-0052 宮城県塩竈市本町２−１９,022-362-4165,宮城県,2,https://www.urakasumi.com/,38.3164457,141.0192331,ChIJhS1fhAyFiV8RB5hM6HQUIdU,AeJbb3e1D5WeZCm8ak-lKcKxBALsbcvLLVZvmZf-umEBHFNKrRupAfV1ce63FIzJXEatFRVqKhK0dxZlOwb2Q1iU0X0skz71IDHkYSm15VCHSHVGLn0a9PjSkWltDdP06UbCOhXz1_AUUN7JixmGNW_PQ4yPzJGzo4gt4b9vY23zpFhBBxxo,2022-08-14 11:07:20,2022-08-14 11:07:20
有賀醸造(資),〒961-0303 福島県白河市東釜子本町９６,0248-34-2323,福島県,2,http://arinokawa.net/,37.0998748,140.3488564,ChIJ89cDbuJJIGARgm9IC5cKTas,AeJbb3d3Xc0Zx-9xA6aNV_pIZ-fglaaiLk0aiGpl_lLGjBVF3QwSRtRD4MFQxiIYJS8li4SQB4YX0kNwJ6A1R7swWiuNHUG1HrtSMCCDMRC1sUfBq0JXyrglJ5WUklk9RTQ896We64NJ1HHfS9EhS1D65FAsH6KlbcXhyWiLEdvadIb_IG9D,2022-08-14 11:09:17,2022-08-14 11:09:17
千駒酒造（株）,〒961-0903 福島県白河市年貢町１５−１,0248-23-3057,福島県,2,http://www.senkoma-shuzou.co.jp/,37.1252425,140.2206778,ChIJDVWlDYs6IGARGVcp-LyjJsc,AeJbb3dZ1Zrf-uYt6cMdioWcXBzY4IfTHBkqH2_Up1n9vz1TuMjWMeoPNTrNg9_p7nemSdBMvxLi_EoEcvZPJqLaRCTGwWsWRHQDFyPGd61dnRY8cYBrCB4c8hdQWwUsciR3nHQ85G0x0xctRmiC5VbLVkxSk6m_pKEIDAfBJLpw-axCSNSx,2022-08-14 11:09:45,2022-08-14 11:09:45
ほまれ酒造（株）,〒966-0902 福島県喜多方市松山町村松常盤町２７０６,0241-22-5151,福島県,2,https://www.aizuhomare.jp/,37.6750243,139.8722943,ChIJ13nYW8i3il8R739_UG8PcE8,AeJbb3cBruYM6im9HX3NO8OLlilm8RrfyLYquzMm15n9XogIFN1te4kF1TgjRNxB9KK47DZ6G3xMyKcXLK14ogFlAxHSU1OW3pnYjIzoFC-cRIDyf7aqk0j_veSCcc4dP4HS30qPC4BHvMRFR5YAQOXPCMQ4mRQX3-Li1zl5mZLokCEkWrXf,2022-08-14 11:09:50,2022-08-14 11:09:50
豊國酒造,〒969-6536 福島県河沼郡会津坂下町市中一番甲３５５４,0242-83-2521,福島県,2,http://aizu-toyokuni.com/,37.5603854,139.826665,ChIJlds6ayZN9V8Rnh2UcJvaExA,AeJbb3d0-d4fOPIg1h1Oex3QDTUQDpJdv-w8VtuFmdZeAs5JCdcKDauxt7voSKtz3t0GdxMKwBthUYOVqTNaRnmFPBjurPamWfRJ2VPe6a9SM6_uRFUrVhK6ipxLUJb_AgRtusTE-nLiGAaw_j6laZA3ZFZpjmLIhKOtOejtmAJYLHzYBzJD,2022-08-14 11:10:28,2022-08-14 11:10:28
稲葉酒造,〒300-4353 茨城県つくば市沼田１４８５,029-866-0020,茨城県,2,https://www.minanogawa.jp/,36.206453,140.087248,ChIJb8G4HW8GImARLGaf4sFHqv8,AeJbb3fTA9h3eWlco663SeSThjgWEcrh3ZwhsurNWMMGgQLO1TAjMmJyMQQqjTm4PCmk-wZy4uOaKXsAaVhOc8piUoefEVbaBbVo_paPbtxfkJBWgZ3y4TUAQRyxb44APvDgBT4nU4fsqK68GhNrg-hPB5-PQRRDdb_o4Z-78LVMlaNJpadA,2022-08-14 11:11:17,2022-08-14 11:11:17
鍋店（株） 神崎酒造蔵,〒289-0221 千葉県香取郡神崎町神崎本宿１９１６,0478-79-0161,千葉県,2,https://www.nabedana.co.jp/,35.9031961,140.4033402,ChIJI_4fXeJeImAR1UxpYb-zPbE,AeJbb3cUjQCvR5zGL0YY05RP7B1Hrs4oA448ySBzEF7oynP8O15nxRPcvswu5IUlWSxnI-p7o3_7-xgM38yUm4PnQNGtwboV-d49jkKptWGr5CKETQP1YPaw5idGa9O4Yk3luRKN8rxrPTmV5cQWNMINqWVo8oVlA4biEzBHyaMlk0KKj1oR,2022-08-14 11:11:22,2022-08-14 11:11:22
片山酒造（株）,〒321-1263 栃木県日光市瀬川１４６−２,0288-21-0039,栃木県,2,http://www.kashiwazakari.com/,36.7280054,139.6865474,ChIJk3TAzcsKH2AR6MLIArtCuIk,AeJbb3fjMNKMlkU3DpcCwt84Xz48nR095nGU6QIX8KN3LB6XbMoaTfAwX97DEuhKPndhUpLv29ppzMhdQ6kpwXrr4yaDWZVfHuvb55y5KeBBPxlX9vBItSEk5imzt0zEeJ7We3Dz_zhmXYRNVM03ilobv2HUG2CzyP1LBJ3ledQ-iYpvd5t6,2022-08-14 11:12:30,2022-08-14 11:12:30
第一酒造　開華,〒327-0031 栃木県佐野市田島町４８８,0283-22-0001,栃木県,2,http://www.sakekaika.co.jp/,36.298715,139.565371,ChIJFxqbN_46H2ARcBVk-vBPpUk,AeJbb3excfeaT7pDbwOi3uvfI_EmMWtb8E-TJ3WeJw1TfeKW_8DEyBfj7kkuAx3-hdROk9wWLwAfhjxFAanX28ABnZmFOen804ecbgw5pDReIFft9KjjoMJGzAdEEkjJmpog5Ear70JvERDKVIDQkm6whDeQh7IiEj6gbg3b4z0cWy4H1IEg,2022-08-14 11:12:50,2022-08-14 11:12:50
天鷹酒造（株）,〒324-0411 栃木県大田原市蛭畑２１６６,0120-413-959,栃木県,2,https://tentaka.co.jp/,36.8035018,140.0974544,ChIJrRkuRCrXIWARbrTru1MSPu8,AeJbb3eOoXdV11boMAneSQ8Y0drjY3Vy_XL3hyv8SDRDxXh3M5XbJsdq4LuvW6Ra1CLz6urtMpR9vMNNqsBMRWLEVxcze-Lavva-HRS6zl4GHRHEPQMaCR3kHtpyazCB1CpWjPrzWh5P5nl4lyGPoqx6KhMtuKUUcz6HYmzgGIE-HPN6ckV8,2022-08-14 11:13:24,2022-08-14 11:13:24
渡邊佐平商店,〒321-1261 栃木県日光市今市４５０,0288-21-0007,栃木県,2,http://www.watanabesahei.co.jp/,36.723781,139.687325,ChIJRU_etc0KH2ARyyoy4jqTKDI,AeJbb3d88JTCBmJgW-tiIs9cIWR-Y8hXw27b-e74ZSScCyWLrrs_cDX2DOtTTpnXwfVFvoJIecKw96OzCbj44-PEW-jzpBwOEOi7yINefOqxHdWfprZH34Ytl2nwTDjywzNIN9ZRtep9m51PO9Z5zQ0UqFnkwP-huMcOOxzpefb28BipI1aF,2022-08-14 11:13:34,2022-08-14 11:13:34
帝松 松岡醸造（株）,〒355-0326 埼玉県比企郡小川町下古寺７−２,0493-72-1234,埼玉県,2,https://www.mikadomatsu.com/,36.0434497,139.2424415,ChIJA3bz6TTSHmARt4dijr_g7JY,AeJbb3f4ufHev4DiP-g_pcCpD0DcAAqUCL5xaVNZ7bBx37llAT2CZMTbxzGN0VHG7XW1bLRnqsxzdFXp4Hk3xY9uuFFVwz50gRM_hJVPkGn7lsOr-0juDI-FI2b3nyY8hFTmE9BsvID88dgoAWMyjvuFXKUSjUZlIhgvSLxBP_y-sxXMXWOs,2022-08-14 11:14:06,2022-08-14 11:14:06
土田酒造（株） 酒蔵 誉国光,〒378-0102 群馬県利根郡川場村川場湯原２６９１,0278-52-3670,群馬県,2,https://tsuchidasake.jp/,36.7041294,139.1127123,ChIJt3b92YxDHmARjC0eXh2O_94,AeJbb3dFOg0qILyqrniGxGIQMDnM-lx6Hq7XDBePiw5ZdoojcwioVwmpGR4zszNBCIhDRl_Fm7Ux0qUedvU-4UL_LCXEzzNZm9Xql4F-3PImWWQb4nQYWFE8tfI80UPdqWTGbIyL16mRHwWgKFPWrcuie7pqQJRRZKJch8tIxNWvHU4Lbr5U,2022-08-14 11:14:11,2022-08-14 11:14:11
武蔵鶴酒造,〒355-0328 埼玉県比企郡小川町大塚２４３,0493-72-1634,埼玉県,2,http://www.musashitsuru.co.jp/,36.0565372,139.2590635,ChIJaa-sVMPTHmARLhIxErdUnqk,AeJbb3fHolAaAfKfIDeUXEXwAYacWg8ZdmpuwWtNrSECO33WpMDyGs9nU0nRob21WrCp5HOsprVs34ONz0lsxeqE2tKvakIY1wU_1M4rhmV9pkWl81-H3cwE32ybyGk8ZYcit2PMc8FatWvRdnQOHhd7AoR_yAuysafLUIZbnvQ-Da0xc9Wt,2022-08-14 11:14:15,2022-08-14 11:14:15
横田酒造（株）,〒361-0022 埼玉県行田市桜町２丁目２９−３,048-556-6111,埼玉県,2,http://yokota-shuzou.co.jp/,36.145457,139.468552,ChIJMX0oOSIsH2AR3HHYUw2iT8I,AeJbb3ei5IPemWaSRJsJTI54tekwOBSi2P5kZJDvatVn3AUmVSwdP-7nVCUBYiPs1zwDa4hbe3x5jKezwrfnyHQHxOEbGkoQP3NsZkn_xzFHQjZ_79BiX47q_4b0UFFzreprtjrRw3TvCtv3fzQNTbXZ4QHXqnlfDN0h57SMrs6QxvlHLoD4,2022-08-14 11:14:20,2022-08-14 11:14:20
白瀧酒造（株）,〒949-6101 新潟県南魚沼郡湯沢町湯沢２６４０,025-784-3443,新潟県,2,https://www.jozen.co.jp/top/company.asp#showroom,36.9393822,138.8099992,ChIJ98S-TjsCHmAReQsqWrFK1ds,AeJbb3dbD7M81zeuv3c7xlnSBTororH57qdlD2KSQjzqw1Sk1dk6RZILICk0SwLmzZvom8D5eftO-4EHCB-cUDw4YJlG_ohdIA5Ta4ERdNmo1W3FfEO6lUcK9ICB-CEduHqJkC0_WyhhQy5Vc0RxPanVoUWHkWJ_C86Ilmel9w71UbQivSZt,2022-08-14 11:14:24,2022-08-14 11:14:24
千曲錦酒造,〒385-0021 長野県佐久市長土呂１１１０,0267-67-3731,長野県,2,https://chikumanishiki.com/,36.2860346,138.4646428,ChIJ2y1PFJrLHWARy16JL5VTBNA,AeJbb3cZsci3i4b7OKPxSt1J4U1W65ygW5R5k-7eh46_yB3AUm-VnHrZLocn3Z9CvzQ5u8ACVEQ0tlaXQQbFiwMqXcELEAEJf4-Ndbq3CDIS-r5di9Q-zgLh0MNjUIElm82mdwjphAIGF8p0En7LlfsEsfBLYC6F34sz8sL_A8iJbvTrWtVS,2022-08-14 11:14:38,2022-08-14 11:14:38
晴雲酒造,〒355-0328 埼玉県比企郡小川町大塚１７８−２,0493-72-0055,埼玉県,2,http://www.kumagaya.or.jp/~seiun/index.htm,36.0538487,139.2558567,ChIJG7u8GMXTHmARMnYhRXiQHUo,AeJbb3ffcFaVLQttR3bwfeAKqPKkYFF8wRnsBpAHsaZDbvwqKNs3ekzZ24zBR9mwSKKvNTavjmj-ussLDQIQsqVcLOK8_PiEfYO9qwEGDduh3CS69AiiWgaBXKoeoRYUI1RI_Bm4h1uMpZOCs_WVoKx9plLVRr_-ePeR3OSheWSmBXEPOnyA,2022-08-14 11:14:52,2022-08-14 11:14:52
石川酒造（株）,〒197-0003 東京都福生市熊川１,042-553-0100,東京都,2,https://www.tamajiman.co.jp/,35.719252,139.332597,ChIJZWN0apofGWAR3dmql_EjxPc,AeJbb3fOG4uyyl3cnl1L7nOhUNkxOovUv-rFKHK5FQ4Kq5HUIxnxvavama1SZSk3uJctUjbdIfE_42AfXd-3az1mdIHhrlbBIqW7n9qYWe5mmkCi5nxasnL87CSfvmkcZ0eH9R41cg9rtcGyl89Z049JwNVml0Qb_uuXdzs3oi5sWDjB1sf2,2022-08-14 11:15:41,2022-08-14 11:15:41
田村酒造場,〒197-0011 東京都福生市福生６２６,042-551-0003,東京都,2,https://www.seishu-kasen.com/,35.7415749,139.319932,ChIJgQVZLMohGWARVB7ptmeP7xs,AeJbb3dQk6X_tkLcRICqhY4etZ-GCnT8s6FCkjibndGARHVYW16fyguQizK0JE133EZ2QUD3oUocJdxdeIIv7U_4W4cx0nNm42h_v1zDjX2QISANLpWXjHZezzlT-i3hN8vHYfF38cKAlKvdMFPVcWXQaV0YUXe56j7AtuAlXyphpWdvt67p,2022-08-14 11:15:50,2022-08-14 11:15:50
武甲酒造 柳田総本店,〒368-0046 埼玉県秩父市宮側町２１−２７,0494-22-0046,埼玉県,2,http://www.bukou.co.jp/,36.0005689,139.0841109,ChIJZQ2gVHjJHmAR4NWXQ-5uilE,AeJbb3fnp1-QNqxHFHdOpDpYAwIQem-RwO6S2gNZxFyt_EWz1o_PKLQj4BQ-0qDvxisvsXt4Awl2ftuxJcD6OXNK-BxJfNaT3jdW5ZwFq_Dz8BDp07qZJnmtnsWjQMXv2kNe81RjpnP30PuivcexVPxKVR05Yr_gWhcFrT4aY67gocpiLhtO,2022-08-14 11:16:17,2022-08-14 11:16:17
清龍酒造（株）,〒349-0133 埼玉県蓮田市閏戸６５９−３,048-768-2025,埼玉県,2,https://www.seiryu-syuzou.co.jp/syuzou/tour.html,35.9997706,139.6470739,ChIJGUzReSzGGGARpxH8nhGQBNY,AeJbb3eOj10Y7LzMrhkpZxoaeLIU7ENn9DpQFKIe6OT6yWxEXHyArWC9NgDwwuL8eGt47P_X90od7_acjAdXPPlWMWi4Su1JBDcAhNKO5Qr9clDIWrh6sT5vgP4RCLAvOCIZgzsZR6uTzntJAVzv4YddkaR0H-m8lYVaKyiAxsEteRvoU5Ta,2022-08-14 11:16:28,2022-08-14 11:16:28
滝澤酒造（株）,〒366-0826 埼玉県深谷市田所町９−２０,048-571-0267,埼玉県,2,https://kikuizumi.jp/inspection.html,36.194599,139.274569,ChIJaf7ip9zbHmAR8Kc1iJURZyM,AeJbb3ebG4oG2yE0fmk4gkMzGOmQ6zYcr8vcqeCZigVKmu-mT1tBnRyN2rHboQmE0f1vK5cA1itYSD04O9TZddjq6pPRR0ZF4khrzei5N1nqv4HPFMpH3CYIqeKvbVMalSKdyoIizpDpjNTa9f8NXVLnycrOo-lgJ2wJl0v0vJdCUDLuMcTA,2022-08-14 11:16:36,2022-08-14 11:16:36
東薫酒造（株）,〒287-0003 千葉県香取市佐原イ−６２７,0478-55-1122,千葉県,2,http://www.tokun.co.jp/,35.8890581,140.4948389,ChIJyTNqsOn3ImARqSLIx3nShgI,AeJbb3dfZZnzjCPJDljSWALbgP4e9H44ep6FdiLVcQuwGVYWkgDAEoYWRSq-m1Sja-k-9K2BkDHY64cE7q2pImRzJjSpi8xz2aRABTvVkMOWONe8sWYHO6A_Wj-Z3pCd6ax6zWLfS2mAvKc5QXZeE_Jbu67I7X4JjB0KaNpZrr-9lDau_01E,2022-08-14 11:17:58,2022-08-14 11:17:58
中沢酒造,〒258-0003 神奈川県足柄上郡松田町松田惣領１８７５,0465-82-0024,神奈川県,2,https://www.matsumidori.jp/,35.3465357,139.1370205,ChIJhVqLfkSnGWARZ9RrO9azMGQ,AeJbb3dcDm-nMnuVRrCt0ZJiLDje_CK-8TZvzuVcRVyFS6Sof_HBK_uEnWWaBb09aIDI6r31a8k98JciPfHqIfh0qSDCrEb9pVKdFQSPvpFW-P1CG2jkDhbi0Pig9oJfXJH0NNRixg15PPm1VjUFyANWydsVF-08llkChjgm-TEi9Hm_rEU3,2022-08-14 11:19:12,2022-08-14 11:19:12
久保田酒造,〒252-0153 神奈川県相模原市緑区根小屋７０２,042-784-0045,神奈川県,2,http://www.tsukui.ne.jp/kubota/,35.5737,139.282219,ChIJM-UrKVgbGWARC3fQiPB6EE4,AeJbb3dximQB2dXYO5QVtFUflQxOUTaAhdHzUE224ZF6FhDZFh36gWHKk9PxI_QDe3XnMfB5U2Bq0PDJO1ll3oBnkiHEjiQKAnquU0Upu8jF5LVnJR8Rt4A45X8CUu73f3Wp2BNHxozOBiEWJmhbs_KVcBiX9d7BSD0hBkGCx8Dwp6smj-5B,2022-08-14 11:19:45,2022-08-14 11:19:45
小澤酒造,〒198-0172 東京都青梅市沢井２丁目７７０,0428-78-8215,東京都,2,http://www.sawanoi-sake.com/,35.804796,139.1934869,ChIJZRXIaLc6GWARGoda-VjTAtM,AeJbb3c3-CquzXOZJDK_Fp8qQ-yJRLT8h2xxzAz7bwVqdPurAe5sIFeFg4G3GLhrzktg-jDRJtRr6C26rXmDTSmIoJh2Sh6YFnTDNz-S8pedE0NwjWSc-0u4HL-MoclFuHruQZQz-yfozfYDsWtxvlIRpzL1wpKwUSFTbjWKBsIZR5qbYQgz,2022-08-12 14:37:45,2022-08-12 14:37:45
井出醸造店,〒401-0301 山梨県南都留郡富士河口湖町船津８,0555-72-0006,山梨県,2,https://www.kainokaiun.jp/sakagurakengaku-Jap.html,35.5021464,138.7656264,ChIJK4jkNSleGWARTc3G7kw2oBw,AeJbb3fYdTk3JZUP1sE5wKFkIm7qjwESibCAsNDwj_CV5sztNieNFt_JdH5nRlOvG9vw2UQS0IAsuXzTCYZ3HjQxp_DDM5_BUsvR5AFC6yHPQCLKCX2N1Yl7Meb8OfWazeK05c_H7NY4uQ-WqN_Q2KigGpptH8tfHe5Bh5HctgVAslggGW5j,2022-08-14 11:22:22,2022-08-14 11:22:22
勝沼醸造,〒409-1313 山梨県甲州市勝沼町下岩崎３７１,0553-44-0069,山梨県,1,https://www.katsunuma-winery.com/,35.6561575,138.7157342,ChIJZ7nu7n79G2ARG7VxJs6WY5s,AeJbb3fCU24V5P0Qzlw2IhOqrrji40UD5h0-7y3bx4X2yrb2TRCk7rXKzaOCQbWW6oNJoDReAYxRFtPDmP42F83r8LI2nMfHn21Lj-tFyHV045jmXIB1NXqgHmY6rHqJw7Rm_bc-jHAAnSV2igOcv9NwfgLJcSTf8yiU0S6D6MA290VU4VNQ,2022-08-14 11:22:39,2022-08-14 11:22:39
丸藤葡萄酒工業,〒409-1314 山梨県甲州市勝沼町藤井７８０,0553-44-0043,山梨県,1,https://www.rubaiyat.jp/,35.6500652,138.7149957,ChIJncKMs3z9G2ARStgoqpTNKL0,AeJbb3cz2hJ8PaPqI7Xnyl-q4MSJzGRnvSyVnEZyKyUd72M---Nunk8UvxYQIds_47FTVNP0VBAYM-RQ3uV1OYgWfXKLF6Huae1MMTM5MI6IaA940id3q_xjmjRsWqHDPrOtFZyRb6EP3xOuNfypzBhjfrqTbw4tv4YluUS_OuU1KzjOjjfN,2022-08-14 11:23:21,2022-08-14 11:23:21
花の舞酒造,〒434-0004 静岡県浜松市浜北区宮口６３２,0120-117-322,静岡県,2,http://www.hananomai.co.jp/,34.8277076,137.7709727,ChIJH0LNBnkfG2ARsKnJCn7wOHs,AeJbb3dAvKTInDsfMZIqIsvPOKzFLssmErFEUbKi7BLiXVlTpha7Uo12FIhvoZN1gx6PHoQecoHKByMOz_THhfIv0WJ9peYCrlDkuZGtpo0x-PplAuBdadmoJ0_S7pr4j2XpXI47-G88sbF-QQO732F_OvqtLsimmJqq8_gN95gIFUc231EP,2022-08-14 11:23:32,2022-08-14 11:23:32
ガイアフロー　静岡蒸溜所,〒421-2223 静岡県静岡市葵区落合555番地,054-292-2555,静岡県,3,https://shizuoka-distillery.jp/,35.1204981,138.3254524,ChIJR64Ni862G2ARUPdmw9SE0To,AeJbb3eK7OFVF_OjfhzLTX8hFwBOUmvts9DPk_2nC1JiogO5-xBrrvieAxR10UGTXlVTGouPPYz2MkFYwzFJ0gDQjfdr2tpsdEiClSyoXquSxg9D8i4wgUK8A5O7Fb3Vs1Eym4BIrnQp3IHFbFuZJF4f9jSwj0L4V1fFu3v7oPsVjV7QKsBD,2022-08-14 11:24:30,2022-08-14 11:24:30
ほうらいせん吟醸工房,〒441-2524 愛知県豊田市黒田町南水別７１３,0565-83-3601,愛知県,2,https://www.houraisen.co.jp/ja/,35.197217,137.4648833,ChIJtWaSpd5UG2ARF17GQF3bcJ0,AeJbb3d3thQquP48ds22DvziltY2J-3AikIa08iVW5Gjfm4EYjE7BW_BZjOJiEL2lNMBtpH54-x9mPcFhhuGvTvxNStCVYYnD5WrmfyhGT-MqmfmAA_wyPrcKqhw_N4xxpVSTJvet5DM6ResYVkNrMM_pZkgtXm-yAFnl7eRMjLOHc0r--W1,2022-08-14 11:26:14,2022-08-14 11:26:14
中埜酒造 本社,〒475-0878 愛知県半田市東本町２丁目２４,0569-23-1231,愛知県,2,https://www.nakanoshuzou.jp/,34.8956789,136.9347721,ChIJF28n-qyFBGARhjf1AMfFnB0,AeJbb3fM0ghx-R6Fk5SNLUjwORDJhf5ACWkkwMvFqoDIpqCDAZrMmnG1ZeA9IEf4FSE9kldJB_g9zrXKv944nKmADZ3jU0sVT6wjpmPM4mIAqgBkmIHP5_dgpE9CDefJLVTyYlH7_Y43GVcM3ai47s8abay2RmLou1IO6jIgfHe7oTQH_5Up,2022-08-14 11:26:25,2022-08-14 11:26:25
日本泉酒造,〒500-8429 岐阜県岐阜市加納清水町３丁目,058-271-3218,岐阜県,2,https://www.nihonizumi.co.jp/,35.4087037,136.7580542,ChIJTXSf-zmpA2AR7bwD8qBfdQo,AeJbb3evjEmyTUuXBmI0LXRTu3RinDEJ2xpRho-Usjs4mZnX_CpD5jub0eXrDO6iovc_CWAsT2_iyu2CZ_OXXyK1MzSBCdqR9VRGc4ZCVIjtHtMJtI3Qgw985GtSGNMTeWfVnJOf0aqCoqz7P9ly7k6tjx8z8aEBklQay6IXur2Erl0U9ZhH,2022-08-14 11:26:47,2022-08-14 11:26:47
大雪渓酒造（株）,〒399-8602 長野県北安曇郡池田町会染９６４２−２,0261-62-3125,長野県,2,https://www.jizake.co.jp/,36.389553,137.8877433,ChIJXc56FFNuHWAR-hdoq9IziEg,AeJbb3cOCfy5MTKtFBGY3EQ-Wrkpxnqwtrud5vWWdpNMY_dWaGvzwi8ne2T1vjpS89LKwp7AiCoZoX_-N1XrqiQjmk99PNIBof6EcvLyxa3pnI9255tGoCfAojHhuNxfyw1lJ9SNcwrMbeg1urD83BaBfw4Zk0yYH1IHDmfEw2s_oAJsaVEZ,2022-08-14 11:28:44,2022-08-14 11:28:44
ＥＨ酒造,〒399-8204 長野県安曇野市豊科高家１０９０−１,0263-72-3011,長野県,2,https://www.suien.co.jp/,36.255567,137.9236197,ChIJASmOpYcNHWARAQavlcjcRAg,AeJbb3c2E7HIDO0-TOQzTOtMkGYPzeymFxkLqlS9b0Z39Bgqey6_GPlDUt4F0yEPmExHE_MQiHPvppGq38R6LCbMGy5CnerCb3Mb971Fs9Co5c2XjmdGVh--_cqTj5HSFBBEKJw_ppgYLF13LoCyvAFys60lf9j_2eiejteirEqXMkYJDCn1,2022-08-14 11:28:50,2022-08-14 11:28:50
美寿々酒造,〒399-6462 長野県塩尻市大字洗馬芦ノ田２４０２,0263-52-0013,長野県,2,http://www.appale.ne.jp/~misuzu/index.html,36.1116449,137.9098332,ChIJN9TwpScbHWAR9jODbSB8Hso,AeJbb3dkIiFGrADkkjye2dDA-bSl8My3gVnoxEdHlocO1uPiZO9Y9mxqlZXjdbmgmTAQeCfSWLE-l3RD5kMCIgS0QiVUuFOpcg2-AXVi8KP_feXXCBShazy-Ml-bYy_WIlcFMZKNg3GvgaIbz5nsdURRw4q4iSmeG5OUG2tRBSPRzWk4mko3,2022-08-14 11:29:17,2022-08-14 11:29:17
米澤酒造,〒399-3801 長野県上伊那郡中川村大草４１８２−１,0265-88-3012,長野県,2,http://www.imanisiki.co.jp/,35.637847,137.947485,ChIJjcjeFUSOHGARWrKpAaLMr14,AeJbb3eh3DcCAUEBnuJ18Y6DOPs9deAre_G1G93HbCpQ8m5V09iIDGI0nrKACQwTIrIFj4wD2kAmvUuk7Y6YzMsFnJKf1-y2Sk7qP4thp2pfYPVYPc3uN5SV8zvBXrFpCwWzCWbf9VkP2Lqmy_x4NhHQucmyRZNyuyuTIhTnMtgLaujhYZ34,2022-08-14 11:29:33,2022-08-14 11:29:33
岩波酒造,〒390-0221 長野県松本市里山辺５１５９,0263-25-1300,長野県,2,http://iwanami-sake.com/,36.2236914,137.9973572,ChIJ_SUdw9UOHWARIybuk8Zfp-A,AeJbb3dotyIhO2mpVo4lvG5aUfhIx1WfOYHtecsg08iHVadB9vD71IoaoTRgw2chfDshvyMpJi_7zH0PWJkIjN-TN2BUIQTGwdoz96Vd6ckF5Unekri4z8r0FmuXdRDj4LEV38AHp7lkJjiB_ixSrm-xhy9XU8e6_s_0ykYl--OuLpWR1bzE,2022-08-14 11:29:38,2022-08-14 11:29:38
麒麟山酒造（株）,〒959-4402 新潟県東蒲原郡阿賀町津川３６３６,0254-92-5075,新潟県,2,https://kirinzan.co.jp/about/,37.6810381,139.4549502,ChIJz_wjSj4u9V8Rue2lgIfGJGA,AeJbb3dLOcuI7yz_wBZJ5q-dLe-bPs6priOwNoXyPnngt0900nUXs8ZQTYMn9Wx51CA0qeKqVlyVOuUH-NwgKnhoy2e_MRJf6gabitZHCcpEbF5_40m-0VpBlbg_1KaLOn8QdMc3uGlJEj0vgpMcQtZ_IXuLsoGFrBwJkfo880-yEkgKgBE,2022-08-14 11:30:13,2022-08-14 11:30:13
今代司酒造（株）,〒950-0074 新潟県新潟市中央区鏡が岡１−１,025-245-0325,新潟県,2,http://imayotsukasa.co.jp/,37.9159634,139.0718593,ChIJtVM_q4fJ9F8R3bKoV-jFpa8,AeJbb3eYlq2wpzyCj8Dop-XeesZPy0KBLg5Y5o8IlHHkQFjys-vHJuTQrnWpSXX40MIF70I141el-grtGfiCO9kMu2d0h7sfueCNy3yoWdROK4gXmkro9Jucel1YOyFc9Au6UK9KCT4wNt7pTqzhqOTq3KbSuQn5YhwO_RbrfUsd0Bm6Nnc2,2022-08-14 11:30:29,2022-08-14 11:30:29
大洋酒造（株） 和水蔵,〒958-0857 新潟県村上市飯野１丁目４−３１,0254-53-3145,新潟県,2,https://www.taiyo-sake.co.jp/nagomigura.asp,38.2197733,139.4771534,ChIJNysGQVZui18RMGkepgaf7Xk,AeJbb3fAQ9xVQePlOC2BrkQXY831vWroF3GtDkshsgClKKxJpnBENIrGujVi32-Apwh2QeBo2BU4Lyoy87aW9AM_ATDgtXpQqCSnyt1pfe5ViMwR3PAzyQu1h5GG52UAIqloceKPdpOS_uNejYeLEEMsUMtoaJXj5ERNXAY-2A9kuWjPCDKd,2022-08-14 11:30:34,2022-08-14 11:30:34
菊水酒造（株）,〒957-0011 新潟県新発田市島潟７５０,0254-24-5111,新潟県,2,https://www.kikusui-sake.com/home/jp/,37.9603052,139.3542123,ChIJ7_ZRiwIxi18RI5ad5BnKvk0,AeJbb3cl0vIx1Jn8z5l5pxsBKaSJc139x8Bcr-py0CPTgxwRGl3LiaEsGAevFDfVi0jKBvmI8932OHdE8rk_X8lfItE6f0-vwRXd2_UdKJjtlE0OTsHn5_8FWQwByOyfIw5P-MahAq8PnRC7r99V1bS7NSN0GV7VPktNKLb1NitXE0MGeuBX,2022-08-14 11:30:44,2022-08-14 11:30:44
越後桜酒造（株）,〒959-2005 新潟県阿賀野市山口町１丁目７−１３,0250-62-2033,新潟県,2,https://www.echigozakura.co.jp/,37.840658,139.214915,ChIJvxhKcR_S9F8ROGxhwF6YZEg,AeJbb3fvR3QjeLPL-pONbSrbSqaDqqfZtC-del-JeNSd6VkcrJQuCOYk59JkiNzQmZJpqiePJArDXfdEL355CbLzztIeDEQQUdURmvmGKf94jBuNM2xuqXmCbgnGloxK_zFDvZ_Bf02zMCEF6ZSAoDE3kl05iPmbTOb0q7Kj3ovRb9vWEdmn,2022-08-14 11:30:58,2022-08-14 11:30:58
原酒造（株）,〒945-0056 新潟県柏崎市新橋５−１２,0257-23-6221,新潟県,2,http://www.harashuzou.com/,37.366455,138.5513178,ChIJZ_aQV9K19V8R1gBtAYnRebI,AeJbb3d12-yHU1x1twU_2xQ2JT3BaKJ9pD2XavEhug-XZ2wVK8qqobauegetQIgQs4TF8Xd_xvCcsEb9cZteUnnYOy5fUe_FB11lKp1gqiNwMxDDBrP915g__i_SmDUccfB7N2azj22gdhnUbpi8RhNeW-WtFbM7rHSEjxAAYgSPD7IXGXZE,2022-08-14 11:32:15,2022-08-14 11:32:15
吉乃川（株）,〒940-1105 新潟県長岡市摂田屋４丁目８−１２ 中越酒類販売,0258-35-3000,新潟県,2,https://yosinogawa.co.jp/,37.4163064,138.8410357,ChIJu8nNh6-o9V8RkuOwAEbc-JA,AeJbb3f50eK2DC0P5AbdmfrGAuk6wernxxgnGOc3Eb8QjDv-Lu2bye4RQpQzZbqX5PWOUPgeQfzjC1rURS5AAaEntKZU5zUyNUbJH3Bg2ZmKY6oOgP-2JAJeNc_kateBHLSu_QwHx7teaMq9294cPjLdi2AYxBLsSwHIMT0Dd3QrpRAo2V4P,2022-08-14 11:32:48,2022-08-14 11:32:48
高の井酒造,〒947-0004 新潟県小千谷市東栄３丁目７ 7番67号,0258-83-3450,新潟県,2,http://www.hatsuume.co.jp/,37.313861,138.812514,ChIJN45RIJC89V8RJ5_HibjDdR8,AeJbb3f4DJdT5QmnTIO4Wu47kgeI6bG4wcHLNnJqCgOYiX6UT5j6mPkhmHOoFkVqZGluosV_Wc7d3ebvKJC7Bf5lnMTqZkJ-LvPvBNmM3r6FAITgfw0rUsnSkn-a_6K3TnmnEkP6yWbbno4ALVMM3Wimq5E_Xc28cM_r02ZgrRx8Yt6nLudb,2022-08-14 11:32:53,2022-08-14 11:32:53
若鶴酒造　大正蔵・三郎丸蒸留所,〒939-1308 富山県砺波市三郎丸２０８,0763-37-8159,富山県,3,https://www.wakatsuru.co.jp/saburomaru/access.php,36.6557907,136.970306,ChIJHfuIiSSH918RWANBdKFK1cE,AeJbb3codRZXa-TxbjUBWkDsMEMhwFL0ogNGGlFky513aycKDaeqM9Bf9WGciDjUGcc7y2IFBmSjWfsP7I2vFY7QrE3SuKYJvA5D43fXzp1oYJLTMWhrxl0lY3KHMqpSUD8PcmBV2zms0g-GEi_NUBSNzz3lpQ3OtQSChVxLnyKdO2PAaT2Z,2022-08-14 11:34:07,2022-08-14 11:34:07
舟木酒造(資),〒910-0802 福井県福井市大和田町４６−３−１,0776-54-2323,福井県,2,http://www.funaki-sake.com/,36.0976435,136.2571177,ChIJqXvhK3mV-F8Rk-2rSK9nLkk,AeJbb3dtHA7JAJFa5Kt8BPS3d6ehPrti-OY43a8dZNEk7YBvdxBBA6UUcVFUnf1mTM6R9zbI45HYG-U1Rmr60PjQ53WiOzlPOLvi1Is4m8NsKTVZgIbI6nq5s3RgZWJ_85xsbCF4WLKRNIBVZih9_01BCV7LIKVb1tS6C5-zQPbHIZkP5CRE,2022-08-14 11:35:16,2022-08-14 11:35:16
松波酒造（株）,〒927-0602 石川県鳳珠郡能登町松波３０−１１４,0768-72-0005,石川県,2,https://www.o-eyama.com/,37.3545892,137.2421165,ChIJY2e4Xg3J9l8RMek-ExJf8jU,AeJbb3f8SitVHO1Pu3niMJ8MuiSbLCnJWb3aNex8nqqvisOAEFhqA31zSPTXSC7RffNiEB208CdrwU61G67zYcGNLx4p6tLC41G7q4HRwpu5Hfqm4YZP6doDfv90Ea8NtPSueHYSGDMXRSoDqDTjPnBjc_CPK_Z2s4V0oKKzYT3WRxVh-tLa,2022-08-14 11:35:22,2022-08-14 11:35:22
恵那山醸造元 はざま酒造　酒游館,〒508-0041 岐阜県中津川市本町４丁目１−５１,0573-65-4106,岐阜県,2,https://enasan.jp/shuyukan/,35.4941606,137.5009551,ChIJZx8wU0S0HGARBqSIYzQlIfA,AeJbb3eUQlX3F-srfd2kOPJ15D9JNGApSBido-tRFYdUKUHP8agdj6ATz06OSLS9OsjORzUfAmR0Ac_osCsJbe1dWajxIcEyZYTA6gMWWSN-eIYDKFP3ZdGDI4rrlaASnY8RKDIzr58q7HY9yQkqvADtTLqM5NkO-tRgmjT1zFL_UZGTSeO_,2022-08-14 11:37:14,2022-08-14 11:37:14
藤岡酒造（株）,〒612-8051 京都府京都市伏見区今町６７２,075-611-4666,京都府,2,http://www.sookuu.net/,34.9351226,135.7624608,ChIJ19OnzJEPAWAR-j0TpD7i7RE,AeJbb3cbCPxnzeDvvmFBji_Ovlyv7hD5CjuqZuDyYSSOhxhsYjiWi_vCaBBN1yaxtNKiib_watMNIfbjhwWJLeJkqBdt_9O9Ma1R9SeTal1uBbVe2tiiShpha1hNHmL81E1r3DhxNeEXDi3pAzKppU8pgTlZejJLKkvl_c8ZQZRPpRkxyOLo,2022-08-14 11:39:19,2022-08-14 11:39:19
松井酒造,〒606-8305 京都府京都市左京区吉田河原町１丁目６,075-771-0246,京都府,2,http://matsuishuzo.com/,35.0254048,135.7735002,ChIJfZEK8F4IAWARcyU-13_UUuk,AeJbb3fm4nu2gTiOw0cxd1prV7KAYJeZviXpUtBqry7kBEv3H-7J-kIOj_5uu3YL9fZHz_DLlg0_nU4iXGuNfJ7JsbmvQy2_ACCsqrYP9dDcOj4Yi4Kk7A80aNOo9qM8OAa2qUYYLqmjCEdyUYqz0F6WX4mUKIa3fCxFfRb_7bY5zPSStjPq,2022-08-14 11:39:47,2022-08-14 11:39:47
月桂冠　大倉記念館,〒612-8361 京都府京都市伏見区片原町300番地,075-623-2056,京都府,2,https://www.gekkeikan.co.jp/enjoy/museum/,34.929136,135.76161,ChIJ9wWDR48PAWARnM6rJb4igfI,AeJbb3dNx5VV_6wUKV1QQXd0WWvVogEnilNPaY9p8gxC3cLC2U0AnWtuWNo9f1w9t84riOMq-X7775gF2qobykFAMa8Vh5BCUFJE81wuPN_tEwvMUCztjEVAV9aCTp2D76eLwN5d_ZGHTfcMnZonm1DR4sbr2uSiJ3JpPd1kM6gT5tnSE83q,2022-08-14 11:40:03,2022-08-14 11:40:03
美冨久酒造（株） ,〒528-0025 滋賀県甲賀市水口町西林口３−２,0748-64-9038,滋賀県,2,https://mifuku.co.jp/,34.974052,136.159245,ChIJo2K1nu9gAWARmJLGHKaTh7w,AeJbb3cj53XGvMT4NPfol2mWZRkZRFFwdOQ2JzuzH6VNIHcwFPhnRU2Pv4pG-s1662eadyygGoTtgMY3U6QR3McGq-0bYLihrCR0W5ZrATlVN9JtMqeJoOLV16fa9dRJvUjp-u9oJyLeTbnZpczFKtVmiA-Jc3-p405nAenLAC6fFbHH1OV-,2022-08-14 11:40:09,2022-08-14 11:40:09
伊藤酒造,〒512-1211 三重県四日市市桜町１１０,059-326-2020,三重県,2,https://www.suzukasanroku.com/,34.9944706,136.5383373,ChIJkUxPO-uSA2AR_SDUdMyqOQY,AeJbb3cbsGJz3aSS5RCC0pv7ZeTnYG7IEAuP8z-LO0BQSM5Z7vv2oOys0jJoXnRmJ6_smaGBE3Y7h_-NRjIQksXM2P86F7ZGZofbNqsqhGLbyM8_hDRUzpxSY4KBLgjYCSRHQoscNbFUSTrNmU0R2Bbc6MXldDepDpzdebEsb8R9eWZbRCXj,2022-08-14 11:40:21,2022-08-14 11:40:21
若戎吟醸館,〒518-0226 三重県伊賀市阿保１３１７,0595-52-1153,三重県,2,http://www.wakaebis.co.jp/ginjyoukan/index.html,34.6685779,136.180092,ChIJCwPBe9KqBmAR0wmxF7SOMH4,AeJbb3dG2-mghACz7ybldZ0ZNyGsRlRVoE73rZDNRiMYg787j9eE7KTdmQWT-Z77Gje1PbwVljSP6eUyhOCytAsZGXyVaWI5K1QHTbiyFIYqRAXX70XuAfde3eEFrl4jqcYIx8iZ99VMR0_EvVXp_ampuAotLd84uQvCjtBTbCpsV0qRGH3J,2022-08-14 11:41:46,2022-08-14 11:41:46
大門酒造,〒576-0031 大阪府交野市森南３丁目１２−１,072-891-0353,大阪府,2,http://daimonbrewery.com/,34.7778496,135.6888331,ChIJyU147SQZAWAR-0WunaBY6hE,AeJbb3fzCdc2Ci-I_YLWlhUh4c0ZoDvrEVkoOBRZHXrQZt9VhN_u0rbqz4opPS-DyfgTBCxjLP5Bp_dMkAkYLNu2-1Gu9DXHpUTmSIlVu7tli6KMMF_hrtZPmQJ93Ka04JGaDnoRWkUxNLEuGz1qMiAZ6PmWS6-WmpYayBci3lSEwzxKdmeU,2022-08-14 11:42:14,2022-08-14 11:42:14
ハクレイ酒造 天の蔵（あまのくら）,〒626-0071 京都府宮津市由良９４９,0772-26-0001,京都府,2,http://www.hakurei.co.jp/,35.5151172,135.2832822,ChIJb2R8JEyO_18Ro4PdJFeWzYI,AeJbb3dldoJ8uliAlSAPOAQHneSlAF8JKoOs0dd03Rd7S6FpT5Md94t4cDT5ecXY3fF-lnQ2keqjF4Yp-tqrZ4LnAHeGooTBgbtwTekOjplGf7QYlD5PzoGmxBYYHYD7_tRAUvUBEouywUQGbTNRmlKt0w3F1IYjgvduACbbjHY-lsv_BUxn,2022-08-14 11:43:12,2022-08-14 11:43:12
西山酒造場,〒669-4302 兵庫県丹波市市島町中竹田１１７１,0795-86-0331,兵庫県,2,https://kotsuzumi.co.jp/,35.2412264,135.1290688,ChIJSxe83JUEAGARJMoVhFh7-0M,AeJbb3e0f23nnB6q2QMc0bRPDCLyCFBBeHw27Y6WwripVFhlpXYpb66dArhIZLRrCJfkIG72fiQ2Q-YgGJDh3qmgc1jaLVrvZijj1PUbsKYhJq8WBK4IQG8GwR-r-48Uwpvip2GZzjh-en_rXx268MVcPcdzgqpvj_SxteYByCsX4rw3fwJm,2022-08-14 11:44:14,2022-08-14 11:44:14
梅乃宿酒造（株）,〒639-2135 奈良県葛城市寺口27番地1,0745-69-2121,奈良県,2,https://www.umenoyado.com/tours,34.4882334,135.7090093,ChIJ__9v6RItAWARE0ETJVKns_c,AeJbb3eHAZ9K2AO_BGFNYbU1x6O8RO9gBGnBMsI1X4cRiNSgpW3C0dhkNc8lvnZCS3kQaYpZDs_pKL1BhQMuPycKOVClT0IrwEPRop0aBeSWIe3B4N6VcMlf73C_L7x3h0JxhMiJQPqIwhwW3s5ZcbqNKkifXyGjQ12Cht7jf_E6E0azH-g,2022-08-14 11:44:49,2022-08-14 11:44:49
今西酒造本店,〒633-0001 奈良県桜井市三輪５１０,0744-42-6022,奈良県,2,http://imanishisyuzou.com/,34.5254197,135.8470852,ChIJDdEjAMo0AWAR9GjJI38yV0o,AeJbb3e_qopY_GJ_7UUBBgvLBmZGT0sW8kB7iJsSxAjpa4Uqq-kt-z4l0akyfuBGkvFl1oa3kBjRxhE4KWo9BgOYj_b0AZGGJdWbAxh1Syp32etm4FBWi5xdHlWZ24VJDCJgdCAjBTPB-zLvSqcZDzdGxqg0-GuSYpSTJIeOjM1MZLnaWPmm,2022-08-14 11:44:55,2022-08-14 11:44:55
喜多酒造（株）,〒634-0062 奈良県橿原市御坊町８,0744-22-2419,奈良県,2,http://www.miyokiku.com/,34.490928,135.793257,ChIJz5mC7NbMBmARKte9KWs5_co,AeJbb3e-9UW0KngdRkSZ_K3Rkzru1ze4A938BWv7-cTRN_XjlWqO8QGhqWmH9wZHhEesSjQ2dnBNe0Awa86UkDOEgRqf_v1krHvPo6r66gkojOin02gXSgkWjDRDnLZkaAAYgvB_sxGmvRO1ebmrykxv38StbcjhHOsEr4zIJQ5TYmDp0Svj,2022-08-14 11:45:05,2022-08-14 11:45:05
中谷酒造（株）,〒639-1117 奈良県大和郡山市番条町５６１,0743-56-2296,奈良県,2,http://www.sake-asaka.co.jp/,34.6290344,135.7917659,ChIJFwZvaIgwAWARNGhU7N9lCsU,AeJbb3cSjsW0r-XhdVPyj2jGcshF_ZdYxJQ48hfmaJeuJNOK4UUrPiF67RNG-bCKEDIloGyP2Qf-OoIrKeg4vgOeG-Jyo_-LHS-37AXhp8CInmdZNTUYqEPWI8eYSMJvFG5FlWfkJN9tMJ3kUTaiquUadI3tEUoPxwBeIMs_Ilzt3EQRmuc-,2022-08-14 11:46:17,2022-08-14 11:46:17
和歌山の祝砲酒造（株）,〒640-8329 和歌山県和歌山市田中町２丁目２０,073-424-4141,和歌山県,2,https://shukuhou.co.jp/,34.228545,135.186315,ChIJi8UCa9iyAGARGzmkIraEv6s,AeJbb3dXMmHLbPK3F5c1NQunXvSBtbBLjkX7rM97G3BeR2Z2JKx5DE_FoMCXLNiJgVzc1OJT13wOC0m01GcAeZjglWTJXoCDQlUxOf5DXMNHwydzWvCdAsBXYJK6IM6zyVz30csMDVxP3q5P5djclO5iS8xif4-0HMZlFadHBrDWaxXP_bm-,2022-08-14 11:46:52,2022-08-14 11:46:52
（有）北庄司酒造店,〒598-0021 大阪府泉佐野市日根野３１７３,072-468-0850,大阪府,2,http://www.kitashouji.jp/,34.3805648,135.3286177,ChIJ03YsP6XJAGARCf0Zqkp6dOw,AeJbb3cwHeRMBy4Tv4TyoXx0tQuZm8-JDfJDP8SS4PoUWM2dWutA6hIPnjPa55ZL84vAwy8BS-K5W10L3ujk12QDjt_3qCXRnJumU7ZX7Rgloar4cewCHQJF9sUnfyT8_exMJwzrPOdE0RCxkP4q7YewwZsf80iNh5XzZPzN6WAh0RqJVCw,2022-08-14 11:49:51,2022-08-14 11:49:51
菊正宗酒造記念館,〒658-0026 兵庫県神戸市東灘区魚崎西町１丁目９−１,078-854-1029,兵庫県,2,https://www.kikumasamune.co.jp/kinenkan/index.html,34.7083996,135.2679423,ChIJZfcZaw-NAGARo3ya6mnUg94,AeJbb3cq2lftbqk3e8GNJzkJlCfjFfWWvoh7YZojFWgYY07GEwGZq-m-ePtM7suIfDtZs1jjelnknBFgH3WRPAMrmL8IyS4we01l16tyqqbPYnUij6YZU4qbMxwwEaQJFjaoWBaFmETMJYR7aq2X4gS6VIN0ytavwg9TBuEVJcd9nXiagtEV,2022-08-14 11:53:44,2022-08-14 11:53:44
灘菊酒造,〒670-0972 兵庫県姫路市手柄１丁目１２１,079-285-3111,兵庫県,2,http://www.nadagiku.co.jp/,34.8165206,134.6808013,ChIJW7u_E17gVDURA5APnqg5QLM,AeJbb3eCqGpPuijYGZpxq1oeeb3HCDGxrVZ2Z744wwRQF_YM1xKLw894kd94NXqu4IhX7RFXjLdoWDAPKnf3wgWGWdPoSpXvlHwp4SO0W00GD98z6yTdTbfUV2VhmHX7FHdpEUwZl3TM6Nzp3YQh0F6c-GUJNw8qXSVgBNOgyvbcj4tVc67K,2022-08-14 11:50:42,2022-08-14 11:50:42
白鶴酒造（株）,〒658-0041 兵庫県神戸市東灘区住吉南町４丁目５−５,078-822-8901,兵庫県,2,https://www.hakutsuru.co.jp/community/shiryo/,34.7097393,135.2614009,ChIJITZx7qmNAGARHc8XFe_0_PY,AeJbb3cu11N5eMZFG76ncc8vqdjoCzMcI-yaqs7v3rP98kekZTpKGbvDnor49hImOcnYxMargq9PE0tNT79KcLxQOUV07WfiDbzZDphed18AOUMU_CfoHb4gXzOxQij0qZglEeTOMkuVwvk2ALksxmyLzl3M1CHl-ATEmu4DoU-xkyWS7Ceq,2022-08-14 11:53:58,2022-08-14 11:53:58
赤磐酒造（株）,〒709-0821 岡山県赤磐市河本１１１３,0120-144-130,岡山県,2,http://www.akaiwa.co.jp/,34.7481639,134.0163458,ChIJN-Ta34sRVDUR_2ai8qx5cYs,AeJbb3fMsU3juaI2m2TxfejcezieMgaVYHADYz_uw4qDvKoE7brQl-_K2ADvImkTbdU9e_cRDoooacOlHDr1l4Pj-O-QLgmvUX2bBG92fvS_AGvkTpTTR_znoAIfZHGlxXq3K4wE3qh-mJPvC7WaDqPJ5R-FnE6vtCvrCLNghy49sjd5JbXr,2022-08-14 11:54:48,2022-08-14 11:54:48
森田酒造,〒710-0054 岡山県倉敷市本町８−８ 森田酒造場,086-422-0252,岡山県,2,http://www.moritasyuzou.co.jp/,34.5963385,133.7733719,ChIJX0ZG9zhWUTURkM4Lk9BYZpo,AeJbb3ftHFm2nVBNIkthnh7k0JlRzZ93ISpBEP_nOYtV-WgeG6VyW1v1nEhAca9Iul1moXSynawEH0fG__szRvWatKouUSbCtzl5IoCe6LF6IgdbvN6XLiL1fx7JpDu62W9zTd0H1tm-WiUOMNM15v58D8Xy6UnfSOFTI_0NK-PR15KdLtg1,2022-08-14 11:54:59,2022-08-14 11:54:59
菊池酒造（株）,〒713-8121 岡山県倉敷市玉島阿賀崎１２１２,086-522-5145,岡山県,2,http://www.kikuchishuzo.co.jp/,34.5418745,133.6668726,ChIJeax_qXJbUTURHwi6jPnf0fs,AeJbb3cVQ6gBFBvh0rCs2vGQ_OPDOwDhj7SrsPVqo7lVzpZ36IuQXZsERZZgQAQASkFWX7VUO-pCOUpGcBoaM8hCNAZ4_MjxfbXYF7qSpzdI8bO7B7RefOjgAPxQXaaLUC4qevNJDe27PdxluOxTg-wEwtue96Gt1mHrpeUvQqpvkWFtWT3Z,2022-08-14 11:55:05,2022-08-14 11:55:05
ヨイキゲン（株）,〒719-1175 岡山県総社市清音上中島３７２−１,0866-94-0011,岡山県,2,http://www.yoikigen.co.jp/,34.6408882,133.7322998,ChIJEZRzpR9UUTURHg-gWSlbk1Q,AeJbb3fB2lWDkiav5q6N2Y_kQ-ToET5EAvh6qHk0bMFcxe034PXT-22LC8XtuXkRYn_ICSz9y0oyo3vf1B17MRR-xBw0KgnCWFmfIFuiXqFhN--Nu_Birt1Aj6qVQEwCxAnvDvGGgir_LntzImN2dSWi7sSW7icP-_cLy33sdMtFdV9x2QJF,2022-08-14 11:55:22,2022-08-14 11:55:22
（有）大岩酒造本店,〒689-4401 鳥取県日野郡江府町江尾１８７２,0859-75-2404,鳥取県,2,http://syuhou-iwaizumi.jp/,35.2840758,133.4864651,ChIJtzhPUSqNVjUR-3XmR90f3zo,AeJbb3cjc5w7RyltPvTYss81F9y_D7APqcX7IdXOnrzdeT16nJPEuVrETro6cGmGf9fodoWAnWTNXHyntOfdmB9EKM4kUmxQyo3eCDPH6-qI-63vEf8Fwgl8eSdnmtzNw-EhTjywbcTgKGw-jiasFt0u1vCcWCshv0sQhIBwarNd2XUhN0yo,2022-08-14 11:55:28,2022-08-14 11:55:28
平喜酒造（株）,〒719-0243 岡山県浅口市鴨方町鴨方１２８３,0865-44-2122,岡山県,2,http://www.hirakishuzo.co.jp/,34.5378686,133.5901044,ChIJ64eBL6NDUTURwGr4uEy5DXA,AeJbb3eePm5L5rmqeM55u7NGapzl-1dwt90vl5gjdo0zkmA5qEWiQk20Bz5Pj5qHx1uAcUONFVbvFhwSXxKO_-kchWqfPcZgYemH56irmTFJ8bCpxEjt-kvwqJL3R3A2pyLxVNLVQl8E1DzXT3bCwKIbXWA3ntniBAVaeqqkfk4RfYZ_dnyt,2022-08-14 11:55:48,2022-08-14 11:55:48
大谷酒造（株）,〒689-2352 鳥取県東伯郡琴浦町浦安３６８,0858-53-0111,鳥取県,2,https://takaisami.co.jp/,35.4939459,133.6918615,ChIJTdTQPhRxVjUR3g8yIGBUcGM,AeJbb3ebj0InUlINf0HxaRQb9PXcoOTyjLZIgrz2WHlf869PwkyZuit9_mk_RwoxeSWZGkmjY6l2XHg3iHDMwmkUEb2BbPv3fJd5rfeh8Tch4z5ajyr8yhslgn4HiGNGVXyHr6zcf1i4wqzO6jCxGvk1UTMHgEJSVJGKndBUCLMR1m3Szsg,2022-08-14 11:56:31,2022-08-14 11:56:31
千代むすび酒造 岡空本店,〒684-0004 鳥取県境港市大正町１３１,0859-42-3191,鳥取県,2,http://www.chiyomusubi.co.jp/,35.5451919,133.2246731,ChIJg2nKz7JVVjURI_97-XsGY6E,AeJbb3dqmGVH552pXG6lv_nRoCYNgWOF7V4ciBrrdkqSyqAz3FZZo1rVjcGzgRHi3mZbH-mVQ7kUT100qOZNEMXEo0psfa0t-GPwqt0K6hadaqXQ1ZPcS37JIxg8pwM9qJVMPK0Bn8WphhMKtbi4ezLrJ2EStKMTe_FM1Y5WWVRiHL6U_eY8,2022-08-14 11:56:43,2022-08-14 11:56:43
くめざくら大山ブルワリー,〒689-4108 鳥取県西伯郡伯耆町丸山１７４０−３０,0859-39-8033,鳥取県,0,http://g-beer.jp/,35.3876533,133.46681,ChIJ5wa0dUH1VjURL4ompOyv6vE,AcYSjRi1alyJLDC-dAgjP8Q9wgOTffSnpQCWE8xg_Y0yThzHsH0fRr3QfLrh5V9ZxvjwjhKq2spyn_kT7AAUsGF9ALbpj57vRR4roleRrBXcCZlr0uSUPt4a4hd_mb9aaacetAq7ehUeHv46PtZ27vgpRzeQdBOR1la2jHe_KlOUgHoz58Dw,2022-08-14 11:57:02,2022-08-14 11:57:02
梅津酒造（有）,〒689-2223 鳥取県東伯郡北栄町大谷 １３５０番地,0858-37-2008,鳥取県,2,https://umetsu-sake.jp/index.html,35.4984178,133.7327087,ChIJ5U88cB90VjURybUWhH1w8zg,AeJbb3caz2Pe3H4MS0HW9zoOHSfypDo5JJHecUnM3lO6ICl86kNf2xWUYPGjGIC4Jl-PTDXEz-I4CYD1cuMhiavyG_U0JkCW8NrXoYcD5ybP0Ysvtayo9uvXE2XXeGSAOAIMEdItMx4MyuLhZ_ZwLv4OyiMXFlpbNVYgkBdEnPbp24wvR1aB,2022-08-14 11:57:13,2022-08-14 11:57:13
（株）三宅本店　千福　酒工房せせらぎ,〒737-0045 広島県呉市本通７丁目７,0823-22-3838,広島県,2,https://sempuku.co.jp/shop/seseragi/,34.2521248,132.5772521,ChIJ1ds7vbsJUDUR5c_KURsoU0Q,AeJbb3cADPEkbFGNEqSo8t1iA2eKGMkHVCUrURBGFRpvtFI9wZcCnsRCnaDVlYQD8cs01bLFNPgKYhUdAbs9y1FUYFMYwWJ1MFHJ0Mq_L6diyTKt65J_zcEVG0eoajrh5n9I-5Y9tExOYBELlrEGgnIFmoINHxZFr6LnbYIvKvpI77R5R0yO,2022-08-14 11:58:01,2022-08-14 11:58:01
賀茂鶴酒造,〒739-0011 広島県広島市西条本町９−７,082-422-2122,広島県,2,https://www.kamotsuru.jp/,34.4305075,132.7460533,ChIJ11lP_3dlUDURKoM8u93XJhc,AeJbb3fGdT90F2yKIaaF3duKZTmcqSPbvsAapSNOaIuO4DXejRr3uqEutVQzKvJ72f9FDT7XOJ9byoJhPMfjOkLNYQc7vPf13lbmWwf9AoKvFZ-s37w8F1CUSLaJ6SlGvjHYv49fyPYwS4ZTnbbWw0eiYWAnXImolfmTon8Gk2-rFX8Z2_jx,2022-08-14 11:58:13,2022-08-14 11:58:13
中島屋酒造場,〒746-0011 山口県周南市土井２丁目１−３,0834-62-2006,山口県,2,https://nakashimaya1823.jp/,34.0781087,131.7728585,ChIJjYlzjMTnRDURLXwKQEg1CMU,AeJbb3eGU5FdNrHHVH34dsWOq9noDnVZN9d9xXu3Wx55hBBsIH59UeeJxpsf7uVcU3RjB18T1kGSWFboY151Qw1In2l2Yu8gWkwfJT8ZDn0qPozzhLigOb5wkCF1LXgw2Kz-P2t0_g9SVQdIMYA5HE53sXVZp16C7eIT5X5NvJ213a8D0E1A,2022-08-14 12:01:00,2022-08-14 12:01:00
綾菊酒造（株）,〒761-2204 香川県綾歌郡綾川町山田下３３９３−１,087-878-2222,香川県,2,https://www.ayakiku.com/,34.2229448,133.9471522,ChIJ1wM8OdTEUzURd2XnGK6y4mg,AeJbb3c7KK_bVM3s9Xp1pTWRnq5pv0xlbw2d6QAoc4me-R3yRlk97RyYerj7lTs3v7O9rSPrnpwpw_R8ELtNFJ8ea1jFo4Bv-0nVZph3kOg9ZZ4R-WfSjfgbdyIxrH6S43t5rNDjk4ELO8dR6QdMnaBicqFiVhkDawDQLrEh3gBgjHS5vi58,2022-08-14 12:03:21,2022-08-14 12:03:21
都美人酒造（株）,〒656-0424 兵庫県南あわじ市榎列西川２４７,0799-42-0360,兵庫県,2,https://www.miyakobijin.co.jp/,34.3006325,134.7741108,ChIJx0si-FKhVDUR2_9jy1JsPnY,AeJbb3cjnK_ko-64BfK8Gd4ZF8Kdak06nWW8dF4PH6u1AdC-YdnYWciuWSMmLz8V0J5PBlsamJUd7_dmIjBJf9Ui9xvBap4Ebw_GGpxBUJUsP4GGKy_2hzVJnu0BU6QnlBWBOjqMBxMp0s4jS5RCKWpwb2R3flKNd5JHxXLu0EbsCu5b3-Lq,2022-08-14 12:03:26,2022-08-14 12:03:26
西野金陵（株）多度津工場,〒764-0028 香川県仲多度郡多度津町葛原１８８０,0877-33-4133,香川県,2,https://www.nishino-kinryo.co.jp/,34.2553098,133.773342,ChIJ44F1vUl9UTUR67MTE5gUjCM,AeJbb3dORSJ_RiKbyef1l06ZM5ksTVwcSJP56Wh1bHvMxj1Vr1pixp3MvUPUsB3isTdWcYAGbFxs2lCG_dTwMBYvV9j5jYVxCQb9mndTN0TvO_wQBbQmE7LwEKgcI2XV3u-JRpRRo3MiVb7Xb8hyipXtg5WAbZwuYPSzUr7OFAefxMZCiVWE,2022-08-14 12:04:18,2022-08-14 12:04:18
金陵の郷,〒766-0001 香川県仲多度郡琴平町 623,0877-73-4133,香川県,2,http://www.nishino-kinryo.co.jp/museum/,34.1875826,133.8188973,ChIJf4Vkt0LWUzURSwexBkfucwU,AeJbb3ctks-P6zdtCbULDFGJ_s1I11jidPXFKx0LcIigfqEekS0Xe7DIiHOuWn8f0_KAqjfdLKLZ1MU533wjtpTzzSftTjnyGYGfAQRfexT-DQ5iKCs9f76KR3BL5AsIpOchpV8zLjD7YWYi7BgjajZ8yMDE39HvdvtPoxOvHTJsCMFaoPFx,2022-08-14 12:05:29,2022-08-14 12:05:29
酔鯨酒造（株） 土佐蔵,〒781-1113 高知県土佐市甲原2001番地1,088-856-8888,高知県,2,http://suigei.co.jp/,33.487015,133.3625765,ChIJx47fkMM5TjURr66TqRxZbfA,AeJbb3epESGCFerH95AxXaRTSeBGs_URcwwvhI-ginHH82TLl1RItqcS7E1Jt0VaTCKGpVPQ0-bXrHI4GbLcnNPu-vUpzJnQNeT6LiFYyWYd5ZXL6rKhhgudFfLX42uutKTEptHub24qF_UBkBIx1z-ITNNjsW9wEG3pjxAAtrzAQQ5us4Rl,2022-08-14 12:05:56,2022-08-14 12:05:56
栄光酒造（株）,〒791-0101 愛媛県松山市溝辺町４４３,089-977-0964,愛媛県,2,https://eikoo.com/,33.851666,132.8080473,ChIJswenWPTmTzUR_qroWMkxd6k,AeJbb3cvHIkCf6XpsUGjxLEwDDQVR2P1w_qPkeSBuXBX1NeIsLiGK5FptatkvY60YoJTpFf_uvP0xX20ECArjkCWdef_QnhQjSWhhuXm4GnjZYwRs6Iv1SoIs9hydZQIYSW6gKWpO9__v1gLDKd1h7B6mxnV_dq1rpzfz09lGL8azcJIrPuX,2022-08-14 12:06:16,2022-08-14 12:06:16
にきたつ蔵部,〒790-0848 愛媛県松山市道後喜多町３−２３,089-924-6616,愛媛県,2,https://www.dogobeer.co.jp/club/,33.8514019,132.7822541,ChIJ0bKDZtflTzURaXh6Gkap9nk,AeJbb3chUECkyKWNsZ3q2I9PpntFUf0eKTLsDnFpqqQTrJei0TakPkk0z8v1iAUp2fcORbBmA_Lu8hwi--EetzCnxFa5STd-02HuGKISQjW-WLNDdVpBWnMbB2w7RA3si70m795y0ilWnY9XOi8IAwSl4591k_la7ExHz5FsRN769YNA92Ti,2022-08-14 12:07:03,2022-08-14 12:07:03
八鹿酒造（株）,〒879-4601 大分県玖珠郡九重町右田３３６４,0973-76-2888,大分県,2,http://www.yatsushika.com/,33.2554768,131.1762945,ChIJYe_S6etOQTURH1DJDsyzqyg,AeJbb3drmZyhWjx7LIBINkL-qV2F8ychVN0y_zwr5ETAh5dC4PufEM3vOTj30tf03TjeRrUDhYoTD-kxK1t3ZVwBWufPF1epZbYmKhFtmwBaC3fY2ZLf4a_0M5VFuuuVCq8DVOJBjV1zJcxzRpOFOQUZ-wet6lekUz0EYwQwbgUPH7wDZT54,2022-08-14 12:10:44,2022-08-14 12:10:44
柳川酒造（株）(国の寿製造元),〒832-0821 福岡県柳川市三橋町百町７６６,0944-72-5254,福岡県,2,http://www.kuninokotobuki.co.jp/,33.1756926,130.4432211,ChIJed-qwO-yQTURep2dFCyx4Fs,AeJbb3dzTtd1Er2gEjxUIptrUaMGthzwbXkd7d8enFibRSLyMQVv1VJToiiGnO9NROu-MPv9k0S2wDFQouyCV9jUwJKd1DMdBWr169K9MbF0UOphYhbXe2xeiSmUfM9DT0vmMsJMMvkvwKFxp4kVnSb747GVOvzUoCQbPddZNp9sFLZ4mjCG,2022-08-14 12:10:53,2022-08-14 12:10:53
天吹酒造（合資）,〒849-0113 佐賀県三養基郡みやき町東尾２８９４,0942-89-2001,佐賀県,2,https://www.amabuki.co.jp/,33.3257205,130.4576182,ChIJ3aqx49u6QTURp8zrXwH4Q2c,AeJbb3dGQISloYvB5nhKtuEZZ1RBrRCUTk9YOpDl3DMTbqbU4h-152kMc_wg2ZAz7EwMetxUUhEFwsPjQz5seUQXZeE-Jf8CHgiEZEsrGKp3uGGiu7J7f8CecGsQS8ykxqLsV6Yp1OEBSkUvEl0fUoD2Z2NPtzXRXN4lwWDUixvkEzDgQkb2,2022-08-14 12:10:59,2022-08-14 12:10:59
大和酒造（株）（ぎゃらりー大和）,〒840-0201 佐賀県佐賀市大和町大字尼寺２６２０,0952-62-3535,佐賀県,2,https://sake-yamato.co.jp/,33.3101081,130.2841273,ChIJcf91arnJQTURtgQFLZLUHZk,AeJbb3dipqzOANGa5m4hGHKlG7rWbR7ebVpT5QmjUR3aNiRRNLuWo7EAguGFWZI7QCBNLK811Nchy6ha4M2ejP4scrdo5JGpn2nmfKbg9oMI7x2UBO9V9Gpimk0OwcOTNg5X_IRNH5MYScpeu6i9RRKFGvJHKZTuUrya3te2RNmUV3TEji4f,2022-08-14 12:11:31,2022-08-14 12:11:31
幸姫酒造（株）,〒849-1321 佐賀県鹿島市古枝５９９,0954-63-3708,佐賀県,2,http://www.sachihime.co.jp/,33.0892644,130.1099046,ChIJD5rDBwIlQDUR3cxiuMR3SCA,AeJbb3cH5Hb53ivCo3y4gN9b1q5s9U_Ltmpfx0yQlzClXgzSxekbwCAyNVslqqM6W7hloSXTp2lDvDQSIl5bOnmeW1gYNnHHRCz7BeyCvbg7rgtVAWLEIYQuBBZKoz01zrN5_ePUpeuvn9otNUy64wVfamCu9o1Gt33x-OzYnlP_ot872q8n,2022-08-14 12:11:37,2022-08-14 12:11:37
辛島 虚空乃蔵,〒879-0456 大分県宇佐市辛島４−３,0978-32-1432,大分県,2,https://www.sanwa-shurui.co.jp/factory/karashima/,33.5283767,131.3388196,ChIJ6UEbqz0GRDURU0y3CgTOa68,AeJbb3fgkPtSNSx8sL8jK7fHqeAti2A9Sql1ta_OUIT_6Zb-yz5mf1lTz8oTi3FaVbLUBwQPn1wEiB2SjQb-vUIayP8H84Aj5s19G7j6YopTdwfuYB6F9UmN6z2GYcG8DlVQlP0EH_RujYEzJ5kQg8IC1zAFfoZYgVlu5DlfhILGFvIaM0BF,2022-08-14 12:14:20,2022-08-14 12:14:20
梅ケ枝酒造（株）,〒859-3237 長崎県佐世保市城間町３１７,0956-59-2311,長崎県,2,http://www.umegae-shuzo.com/,33.0898351,129.8149819,ChIJ64ljyP-XajURcikVmt8zMvg,AeJbb3fcA_JFbYdkCDhXtw_DpuxWILzhwOShVcW_FlzbneuWuRoHsf1l_aHUlUZiOVZlYy_9HVfxmoLw9R6saV2XgtO0u7iyZl421zrymRnxEqymUuk9BKF_07fQ9MZy77oiABCgM4XkZ1jMbAaNspOeK86F8yi2XSOZsiE1KFlNDw4Dvhmm,2022-08-14 12:15:14,2022-08-14 12:15:14
宗政酒造 有田蔵工場,〒844-0014 佐賀県西松浦郡有田町戸矢乙340番地28,0955-41-0020,佐賀県,2,http://www.nonnoko.com/,33.1618146,129.9082289,ChIJ5z8CW3ucajURdLqZmJFiW7s,AeJbb3cnUQ17B0MlaqEbThf5d6ZC388zB7Q-DxWUWX83VFa1w6mXz_oe0HxOdj7jZMwzXU6p6wFgw_i86QmgGKyIIr-WJu-sbdOeWwLyumnX_e9t4tPXsDjlJw_lyB63nOi9bThsmhyuOsQUDurq553Sm4K2SUp740JVTJO7fCeP03mYShzM,2022-08-14 12:15:27,2022-08-14 12:15:27
瑞鷹（株）東肥大正蔵,〒861-4115 熊本県熊本市南区川尻１丁目３−７２,096-311-6275,熊本県,2,https://www.zuiyo.co.jp/warehouse/,32.7408575,130.6816516,ChIJ4YmQ53-LQDURgpe_oJ2pySo,AeJbb3f4scC3bTw2AzEcBdZt2pdlOaeVoqbCqD-MkFbQFXBzGwQg2e_nADymdc-Q9SJloPc_Ozw6BLH1A4LM5fYj06SwzrW-2nArledJjwHBzvV44Uby6wRb2cC9PMCVrOjtMSpvBtkKOW0ZUh2TotoeP9WNppjtCWey3GQh0wxFW6vEbA2d,2022-08-14 12:18:33,2022-08-14 12:18:33